"","Adjusted","Implementation_year","Reserve_size","C_change","B_change","PV_change","C_per","B_per","PV_per","Transition_period","Payoff_period","B_per_50","Loss"
"1","IUU",2015,0.05,6419.38155745284,167316.904105428,3022503.79613074,1.17543789428586,11.7499689902986,6.0635359948629,2026,2056,11.8650067662418,1681.30239679407
"2","IUU",2015,0.1,22091.4084439331,292364.601006634,8753278.434783,4.04510596398467,20.5315476882382,17.5602157821304,2023,2038,19.6957348325003,2784.57225313346
"3","IUU",2015,0.15,33673.3420889332,415120.021656634,13039842.7958056,6.16584665739804,29.1521493766349,26.1596217880484,2023,2038,27.5927470618447,3990.65060213346
"4","IUU",2015,0.2,45816.4856699331,548107.114526634,17365945.6351342,8.3893491853464,38.4912787711631,34.838347127394,2023,2038,36.1582288471042,5341.44885213346
"5","IUU",2015,0.25,61103.7198259332,801765.423596634,23128642.6115145,11.1885587610604,56.3046448601392,46.3990672788462,2024,2040,53.0976275276911,7901.09665596127
"6","IUU",2015,0.3,61972.4434249331,805983.020296634,23379765.8661026,11.3476287008647,56.6008291022727,46.9028532113209,2024,2040,53.3342145848413,7930.53892596127
"7","IUU",2015,0.35,71388.3733989332,1186799.24548663,27755229.7276313,13.0717575444808,83.3439657919499,55.6806031855524,2025,2046,79.9032000691258,12434.2560216289
"8","IUU",2015,0.4,72551.9793979332,1471918.44548663,28959175.5154847,13.284822708625,103.366699158017,58.0958751299111,2026,2053,100.491340290994,16300.6880736711
"9","IUU",2015,0.45,65363.9384189332,1830641.19408663,28080364.333374,11.9686373912735,128.558303047058,56.3328655210439,2028,2072,127.36570042324,21978.2886544518
"10","IUU",2015,0.5,61210.6837209332,1943838.80258663,27258978.6237314,11.2081446688894,136.507699414163,54.6850588838911,2029,2080,136.100261809475,23986.7247419022
"11","IUU",2015,0.55,36709.4879649332,2405685.01788663,22632259.7103479,6.72178820461558,168.941234669169,45.4032585747145,2032,2114,172.392713136986,34089.8134463823
"12","IUU",2015,0.6,333.651677933172,2759301.63428663,16725136.9177369,0.0610941758524056,193.774256170309,33.5528014388378,2036,NA,201.528701949352,44453.329733915
"13","IUU",2015,0.65,-39956.5358060668,3117249.90248663,10016956.9768067,-7.31634751579976,218.911471528005,20.0953194055917,2044,NA,231.508412114156,58902.8248864971
"14","IUU",2015,0.7,-64246.4601760668,3275895.17078663,6346749.61725539,-11.7640185723189,230.052467669124,12.7324057636835,2066,NA,245.208295723664,76764.7419661088
"15","IUU",2015,0.75,-123281.725514067,3656917.10578663,-2398916.11801014,-22.5738274856,256.810050501595,-4.81253795241953,2080,NA,278.377496729222,122291.341161676
"16","IUU",2015,0.8,-180086.077872067,3930649.98398663,-9751502.54687348,-32.9751391578187,276.033169932783,-19.5627832701676,2092,NA,302.952938411257,170774.293455592
"17","IUU",2015,0.85,-235833.735278067,4157798.55458663,-16304430.2793119,-43.1829618968489,291.984867551207,-32.7088091670553,2102,NA,323.32068731871,224323.04562181
"18","IUU",2015,0.9,-269198.957030067,4307093.07068663,-20648536.7261646,-49.2923893623373,302.469199328535,-41.4236520862692,2104,NA,336.929935716266,256209.305611874
"19","IUU",2015,0.95,-329084.126354067,4521035.78418663,-27364098.2522685,-60.2578222002454,317.493504629697,-54.8959425400895,2112,NA,356.288342103397,322389.929799455
"20","IUU",2015,1,-377826.854521367,4688056.88528663,-32746500.8820654,-69.1829887830296,329.222700607493,-65.6937427368658,NA,NA,371.309421838146,NA
"21","IUU",2020,0.05,4570.89325798326,158687.561284155,1720815.70937942,0.799043953212445,10.649531600854,3.45217626090599,2028,2048,11.2115929157802,1510.82312445182
"22","IUU",2020,0.1,20620.2621659833,283013.346194155,5333894.50589805,3.60465556018124,18.9930423617836,10.7004741362331,2026,2038,19.1004540021426,2640.59506667111
"23","IUU",2020,0.15,34396.6958769833,407928.459724155,8290868.4525025,6.01293233067479,27.3761030011737,16.6325418218929,2026,2037,27.1353578806063,3816.90179667111
"24","IUU",2020,0.2,45577.8039349833,529032.430174155,10623977.1183112,7.96751675864319,35.5033976035954,21.3130560142717,2026,2038,35.0645100167383,4990.58816667112
"25","IUU",2020,0.25,72317.2844649833,1051994.54334415,15842137.8113528,12.641881051054,70.5994158748738,31.7813533292743,2027,2042,70.6932415667931,10115.6466658571
"26","IUU",2020,0.3,68548.3111979833,922739.032254155,15160185.1249619,11.9830218021412,61.9250708991347,30.413269075866,2027,2041,61.679040735575,8689.63424985713
"27","IUU",2020,0.35,77103.8257339833,1179417.94534415,16451846.1900592,13.4786227209927,79.1508079014826,33.0045062674846,2027,2044,79.6084354400469,11538.3404378571
"28","IUU",2020,0.4,71631.6332309833,1051496.58454415,15752790.3359614,12.5220214433978,70.5659978304246,31.6021108735966,2027,2042,70.7609662381328,10108.3666088571
"29","IUU",2020,0.45,65467.4642879833,2077829.06284415,13265196.3298312,11.4444548404408,139.443231006041,26.6116793428248,2030,2082,146.69053653386,22732.9103120673
"30","IUU",2020,0.5,53504.4476279833,2280902.68104415,11166482.7508709,9.35318392579898,153.071513505437,22.4013916541212,2032,2098,162.92032117297,25919.2326323823
"31","IUU",2020,0.55,58586.4736759833,2151635.81694415,12354951.3356937,10.2415796844683,144.396406628527,24.7856115406524,2031,2088,152.753432000966,23803.3556858409
"32","IUU",2020,0.6,44456.6419259832,2391827.04494416,9964759.71490673,7.77152493094116,160.515654111659,19.9905816444686,2032,2108,171.841457714828,28105.2098923823
"33","IUU",2020,0.65,-46809.0870890167,3287438.71684415,-2800535.56780955,-8.18275901073568,220.620206256825,-5.61823230245939,2068,NA,246.131230973138,66696.292523054
"34","IUU",2020,0.7,-62270.3670040167,3400248.46244415,-4752285.4130014,-10.8855659956568,228.190874940177,-9.53369195689739,2072,NA,255.707464973156,78161.5375569698
"35","IUU",2020,0.75,-94749.0509000167,3568364.51414416,-7945805.24154504,-16.5632080911205,239.47315308915,-15.9403009160908,2080,NA,270.48017404385,100668.829297676
"36","IUU",2020,0.8,-118636.627452017,3717894.64274415,-10703078.6092612,-20.7390272414449,249.508128842252,-21.4717437155586,2084,NA,283.392112196373,119864.966403337
"37","IUU",2020,0.85,-238416.637353017,4253091.33604416,-21827744.5788392,-41.6779306953726,285.425210507934,-43.78924556155,2104,NA,331.083053678342,226907.390173874
"38","IUU",2020,0.9,-266863.306929017,4354563.64244416,-24117316.475985,-46.6507309842518,292.23502297763,-48.3824194312926,2108,NA,340.274818162018,255393.88992646
"39","IUU",2020,0.95,-301766.787443017,4477009.60694415,-26937178.1936045,-52.7522550139522,300.452378879929,-54.0394224604632,2112,NA,351.471426392506,291401.438767455
"40","IUU",2020,1,-330356.483875217,4569226.31934415,-29084843.9398381,-57.7500580185246,306.641047890174,-58.3479144535902,2116,NA,359.798475555644,323909.972139511
"41","IUU",2025,0.05,5413.45977042522,159378.940819869,1312353.35068009,0.905465910506842,10.2472061569454,2.63274866141981,2031,2044,11.4636801901797,1166.84459184085
"42","IUU",2025,0.1,22531.7229754252,282900.914929869,3948877.86862762,3.76870022581303,18.1890027776709,7.921954035742,2030,2038,19.4799750281405,2039.20052806729
"43","IUU",2025,0.15,37207.1054854252,410245.162349869,6134464.86848701,6.22333351948755,26.3765509537416,12.30652107732,2030,2038,27.8859442511302,2956.5362180673
"44","IUU",2025,0.2,49385.2409314252,541959.022609869,7847350.50901639,8.2602723659033,34.8450416644231,15.7427887371937,2030,2038,36.6859786527343,3956.36005806729
"45","IUU",2025,0.25,60581.8682254252,672614.360459869,9408253.75754736,10.1330422316284,43.2454750941287,18.8741602813332,2030,2038,45.5077961083627,4948.66377806729
"46","IUU",2025,0.3,73625.4960494252,919721.448809868,11158424.9792363,12.3147450325791,59.1331279053419,22.3852275855536,2030,2040,62.6883380266122,6905.71200806729
"47","IUU",2025,0.35,81978.3446514253,1190027.57657987,12186765.8788779,13.7118588905327,76.5123538086898,24.4482109471702,2031,2042,81.9462484459856,8639.85461784086
"48","IUU",2025,0.4,84884.0494044252,1424102.64483987,12346545.8053221,14.1978727728586,91.562118026738,24.7687499142476,2031,2045,99.0779937518132,10740.9194438409
"49","IUU",2025,0.45,73004.4465264252,1952453.04134987,10860264.0603968,12.210867069934,125.532198441947,21.7870786498607,2032,2059,139.474994639988,15474.1391723823
"50","IUU",2025,0.5,81893.4537864252,1839740.77867987,11557090.4385066,13.69765987777,118.285407955991,23.1850014831127,2032,2053,130.447537809691,14260.1231873823
"51","IUU",2025,0.55,40033.9685374253,2605599.46015987,6743872.18951316,6.69616018409881,167.525989903901,13.5290701018335,2035,2112,191.622993130879,23069.7085741842
"52","IUU",2025,0.6,42383.1435994252,2522363.06507987,7338600.89256375,7.08908781756428,162.174338702318,14.7221719414051,2035,2107,184.873210430764,21751.7510731842
"53","IUU",2025,0.65,-28022.2003485748,3213421.19109987,810466.560137689,-4.68704825177529,206.605648430764,1.6258995721101,2070,NA,242.619501538622,47019.9112877231
"54","IUU",2025,0.7,-31959.6853095748,3223259.54137987,567795.385226734,-5.34563971758734,207.238201282758,1.13907015945161,2072,NA,243.586814183156,49349.0678609698
"55","IUU",2025,0.75,-122942.335551575,3802198.43273987,-6349374.71491641,-20.5635764411158,244.46084902732,-12.7376577145829,2092,NA,293.819680808598,118095.805167592
"56","IUU",2025,0.8,-129638.411026575,3814159.33140987,-6601016.08847565,-21.6835751727804,245.229870291129,-13.2424824929496,2096,NA,295.102814631539,124595.104381472
"57","IUU",2025,0.85,-210509.747517575,4198691.43457987,-11891652.1314365,-35.2102737047945,269.953210243552,-23.8561750270116,2112,NA,329.292847679164,203333.794616455
"58","IUU",2025,0.9,-233759.758790575,4279289.47247987,-13166854.1221242,-39.099116241616,275.135229310551,-26.414393308912,2116,NA,336.752521278607,226819.529338311
"59","IUU",2025,0.95,-319534.128922575,4604859.04769987,-18075174.6724789,-53.4459058075097,296.067596777336,-36.2611120695788,NA,NA,366.180655843273,NA
"60","IUU",2025,1,-330142.651677075,4637652.12689987,-18615636.8898799,-55.2203081532173,298.176014874198,-37.3453483986689,NA,NA,369.327623494174,NA
"61","IUU",2030,0.05,5896.50681748462,159406.344809331,1038673.75726115,0.945572200562308,9.84047250974768,2.08371312473547,2035,2045,11.6242035351512,969.68684818421
"62","IUU",2030,0.1,23665.2674054847,283456.309289332,2984805.18712544,3.79499586282942,17.4983249419123,5.98790303472359,2035,2041,19.8121665055471,1594.96399818422
"63","IUU",2030,0.15,38487.6732834846,408186.696639332,4544752.26795512,6.17193790283999,25.1981812388243,9.11735747938838,2034,2041,28.1535402372142,2586.77292586233
"64","IUU",2030,0.2,51565.5796024847,542013.000429332,5889649.72053899,8.26912951807496,33.4595466512351,11.8153947156057,2035,2041,37.2196576170831,3075.1636581842
"65","IUU",2030,0.25,78112.3974924847,911892.905029332,8521967.63685497,12.5262149056031,56.2929729962028,17.0961629571825,2035,2042,62.8090000685276,5401.42061518421
"66","IUU",2030,0.3,76832.4390324847,920741.376919331,8496985.08093629,12.3209589506602,56.8392068646913,17.0460447373918,2035,2042,63.5554997939165,5455.88530118423
"67","IUU",2030,0.35,89030.8604514847,1325135.96486933,9626967.65295517,14.2771151193171,81.8032936491451,19.3129350863372,2035,2045,92.7912038197056,8189.05838618422
"68","IUU",2030,0.4,83096.7356334847,1049108.59602933,9046205.4685032,13.3255104428111,64.7635720605412,18.1478514615389,2035,2043,72.6350405658542,6309.9511611842
"69","IUU",2030,0.45,84424.5182884847,1938228.14998933,9295890.1957245,13.5384355535282,119.650700543964,18.6487511324124,2036,2053,139.401206391335,12253.808097915
"70","IUU",2030,0.5,76006.5475554847,2051126.19851933,8839845.32884254,12.188517821445,126.620122898466,17.7338664846131,2036,2058,148.604482754007,13182.728096915
"71","IUU",2030,0.55,53201.2521984846,2504305.32559933,7184539.69263078,8.53142829663533,154.595776862279,14.4131105152719,2038,2094,185.18257373585,16780.6276722227
"72","IUU",2030,0.6,61082.3661114846,2392095.71095933,7700209.1248614,9.79525490724826,147.668852908813,15.4476097085481,2037,2083,175.942676394393,15931.0807106946
"73","IUU",2030,0.65,-13724.0724185153,3185182.81656933,3255629.31372087,-2.20081172788127,196.627706271428,6.53121105915077,2083,NA,242.950482550084,38510.8168408198
"74","IUU",2030,0.7,-41392.6563785153,3353996.53422933,2025734.79111117,-6.63778511421254,207.04891472388,4.06388448919898,2097,NA,257.956013897981,56959.6427198523
"75","IUU",2030,0.75,-90405.7972335153,3688603.52376933,-490028.947059408,-14.4976019327578,227.704873469288,-0.98306108279894,2111,NA,287.720104333607,99269.6037656335
"76","IUU",2030,0.8,-104134.270835515,3743529.48646933,-978114.775863953,-16.6991194406681,231.095563009703,-1.96222402050442,2111,NA,292.722722920811,109528.704623634
"77","IUU",2030,0.85,-209143.117120515,4244512.73860933,-5350295.18984113,-33.538487041463,262.02226123131,-10.7333801690322,2125,NA,338.295952267213,207445.050633575
"78","IUU",2030,0.9,-249918.017967515,4391848.79883933,-6801287.76058002,-40.0772080020291,271.117610930985,-13.6442578555107,NA,NA,351.783546647871,NA
"79","IUU",2030,0.95,-296680.209866515,4566823.67217933,-8517532.92855524,-47.5760594518298,281.919159847111,-17.0872663620544,NA,NA,367.864813710489,NA
"80","IUU",2030,1,-309303.959867515,4613530.05510933,-8980016.69960371,-49.6004219154496,284.802438287516,-18.0150682796189,NA,NA,372.149479885393,NA
"81","IUU_20",2015,0.05,8048.60693309945,200784.107190304,3293266.08395746,1.24137561296472,11.8699140839643,4.89223453707249,2026,2056,12.1220997647415,2113.2084819369
"82","IUU_20",2015,0.1,27047.6750634584,350385.200343997,9797430.24253447,4.17169387078531,20.7140011357269,14.5543437381432,2023,2039,20.0964297333451,3497.83583464002
"83","IUU_20",2015,0.15,41162.9877894584,497395.509073997,14619406.3966086,6.34876688889568,29.4049267199328,21.7175178262671,2023,2038,28.1443238342392,5017.59696164003
"84","IUU_20",2015,0.2,55981.0701274583,656679.194573997,19471376.8758492,8.63423146657914,38.8214273001814,28.9252492838093,2023,2038,36.8782369844968,6714.03089164002
"85","IUU_20",2015,0.25,74811.6557654584,960787.290603997,25815273.596471,11.5385638539299,56.7996279786481,38.3492769344848,2024,2040,54.1636370277267,9966.5107312262
"86","IUU_20",2015,0.3,75856.5312754584,965822.312603997,26102275.548534,11.6997200623868,57.0972873869907,38.7756259832086,2024,2040,54.4045681667826,10005.8932912262
"87","IUU_20",2015,0.35,87915.0217054584,1422946.009204,30630234.9289409,13.5595594201036,84.1214332734147,45.5020303181625,2025,2046,81.5498177421823,15635.7644702761
"88","IUU_20",2015,0.4,89648.4803674583,1765416.672404,31587790.4080955,13.8269191417269,104.36754440914,46.9245045024087,2026,2053,102.60551505717,20440.9854686658
"89","IUU_20",2015,0.45,81339.5031264584,2196619.737204,29983583.9410355,12.5453853556455,129.859319647441,44.5414130416316,2028,2072,130.107711386973,27435.0529400113
"90","IUU_20",2015,0.5,76835.6568664584,2332822.386204,28841314.5661487,11.8507353425216,137.911320197992,42.844541442436,2029,2079,139.02932195998,29877.6674890852
"91","IUU_20",2015,0.55,47564.6277574584,2888487.158604,22667337.7673749,7.33612281338175,170.760997396906,33.6729343642284,2032,2112,176.240736331116,41984.4556862516
"92","IUU_20",2015,0.6,4316.69226345839,3314354.392004,15155778.3592562,0.665784346169721,195.937330037827,22.5143126717139,2035,NA,206.236705214476,54304.6794212841
"93","IUU_20",2015,0.65,-43252.9674165417,3745667.098104,6688045.40318245,-6.67111456498665,221.435587028241,9.93526969058011,2042,NA,237.097423029423,70468.5500448064
"94","IUU_20",2015,0.7,-72172.4982125417,3936965.954804,2106703.69410454,-11.1315138076059,232.744753999497,3.12956448368462,2064,NA,251.331384568703,89146.2207266099
"95","IUU_20",2015,0.75,-141680.197155542,4396504.250304,-8811669.44210307,-21.8520227227935,259.911645653458,-13.0899697974358,2078,NA,285.487716394482,142364.894548379
"96","IUU_20",2015,0.8,-208503.442949542,4726854.342204,-17922314.6471058,-32.1584954325838,279.441215315892,-26.6240760587092,2090,NA,310.639958278776,198957.083368141
"97","IUU_20",2015,0.85,-274706.979161542,5000922.269204,-26018888.2358646,-42.3693873333459,295.643507380656,-38.6517519078698,2098,NA,331.480642043454,258560.52244024
"98","IUU_20",2015,0.9,-314391.522349542,5181026.845904,-31389186.4905381,-48.4901265537736,306.290893179631,-46.6294730898529,2100,NA,345.387938317136,295094.466176069
"99","IUU_20",2015,0.95,-386073.949613542,5438958.319004,-39666334.4091786,-59.5460543464083,321.539233638896,-58.9253969185675,2108,NA,365.045052833218,370871.522674142
"100","IUU_20",2015,1,-444417.160263042,5640370.756504,-46295096.8132176,-68.5446101815188,333.44629322654,-68.7726001339595,NA,NA,380.436184766713,NA
"101","IUU_20",2020,0.05,5860.12511103111,190552.931841006,1904493.39946812,0.863067056135116,10.7701054340653,2.82917307634584,2028,2048,11.4724159721564,1856.98331501133
"102","IUU_20",2020,0.1,25389.9657070311,339337.355051006,6073486.20039086,3.73938141984193,19.1794429836723,9.02231724326405,2026,2038,19.5202434280184,3255.77988066578
"103","IUU_20",2020,0.15,42215.048216031,488938.083041006,9465238.88877405,6.2173446296953,27.6349183096022,14.0608515801524,2026,2037,27.7170647158919,4709.13456066579
"104","IUU_20",2020,0.2,55924.3375700311,634079.428301006,12122748.4770696,8.23642029451151,35.8383480663092,18.008649235653,2026,2038,35.8106521088677,6154.96792066577
"105","IUU_20",2020,0.25,89283.1484830311,1261740.06666101,17847685.8572239,13.1494366867136,71.3139043153745,26.5131883977324,2027,2042,72.1978298409417,12450.5921357798
"106","IUU_20",2020,0.3,84464.405433031,1106484.11326101,17152064.1351828,12.4397422178009,62.5387940547803,25.4798247494942,2027,2041,62.9893512004415,10708.4427457798
"107","IUU_20",2020,0.35,95275.489003031,1414770.68506101,18456037.5423001,14.0319761536987,79.9632380143354,27.4169102005216,2027,2044,81.3056861481818,14188.5789857798
"108","IUU_20",2020,0.4,88435.2829830311,1261163.62456101,17741173.5105708,13.0245648167076,71.2813236453546,26.3549616149389,2027,2042,72.2698918375117,12441.5855757798
"109","IUU_20",2020,0.45,82817.6276660311,2495596.60486101,13874546.0211326,12.1972082082799,141.05182374037,20.6109887597783,2030,2079,149.932458644218,27746.936374397
"110","IUU_20",2020,0.5,68751.7417890311,2740258.52356101,11199373.7791485,10.1256137481304,154.880184367738,16.6369527858428,2031,2096,166.552882248413,31803.2228941468
"111","IUU_20",2020,0.55,74698.7040340311,2584588.97486101,12730817.8490723,11.0014699970144,146.081697584175,18.9119516552366,2031,2086,156.141224058369,28995.5533931468
"112","IUU_20",2020,0.6,58163.1565900311,2873935.05886101,9672528.43874408,8.56614891023227,162.435619833002,14.3687854453718,2032,2105,175.732669226945,34128.9579832516
"113","IUU_20",2020,0.65,-49041.4137609689,3954211.12516101,-6327662.31011709,-7.22271757026297,223.493127684186,-9.39990227794498,2048,NA,251.928348857799,67385.8570885241
"114","IUU_20",2020,0.7,-66801.177109969,4090504.03866101,-8755134.16372643,-9.83833863310078,231.196441583002,-13.0059730649253,2070,NA,261.879324443837,89588.7385732011
"115","IUU_20",2020,0.75,-105082.669978969,4293592.70316101,-12713489.251346,-15.4763574004325,242.675070161404,-18.8862095853761,2078,NA,277.074983940107,115819.009162379
"116","IUU_20",2020,0.8,-132970.095237969,4474239.01226101,-16135365.326885,-19.5835594764029,252.885250484975,-23.9694929751797,2082,NA,290.365465586705,138199.608567669
"117","IUU_20",2020,0.85,-274525.366440969,5120721.77856101,-29892611.0025715,-40.4315258393744,289.424638712109,-44.4062291073171,2100,NA,339.460183638769,259609.794181069
"118","IUU_20",2020,0.9,-308488.723031969,5243219.27706101,-32717053.8055897,-45.4335784635211,296.348231865507,-48.602010272119,2102,NA,348.830896869166,288596.362467735
"119","IUU_20",2020,0.95,-350392.107943969,5390984.81346101,-36195839.6314397,-51.6050219690563,304.699981645337,-53.769834534265,2108,NA,360.305095587384,333123.990180142
"120","IUU_20",2020,1,-384756.557790969,5502236.19056101,-38843550.7635116,-56.6661467749624,310.987940846363,-57.7030763354133,2112,NA,368.882787868096,370231.038945943
"121","IUU_20",2025,0.05,6939.73960156459,191405.935273088,1525579.30655017,0.978145870978186,10.368845224694,2.26628693407343,2031,2043,11.7345376964699,1402.34348414681
"122","IUU_20",2025,0.1,27821.0232485646,339215.851483087,4648149.56578489,3.92133143019318,18.3760062443866,6.90494462223549,2030,2038,19.9195832106684,2456.78791239701
"123","IUU_20",2025,0.15,45793.7493735646,491742.188993088,7229040.18014103,6.45456017633044,26.6386653101789,10.7389233950694,2030,2038,28.5029531049667,3561.507422397
"124","IUU_20",2025,0.2,60805.9834405646,649624.292983087,9240961.09867865,8.57051201456418,35.1914570388455,13.7276831865099,2030,2038,37.4873748940928,4765.513322397
"125","IUU_20",2025,0.25,74626.6412905646,806289.779413088,11071499.1164746,10.5185129751668,43.6783421426246,16.4469940569731,2030,2038,46.4881667498799,5960.604312397
"126","IUU_20",2025,0.3,90947.7382105646,1102900.68528309,13090195.0810098,12.8189470661712,59.7463526279543,19.445818351882,2030,2040,64.0428921187226,8317.911052397
"127","IUU_20",2025,0.35,101674.054470565,1427635.98255309,14236349.3510028,14.3308052284227,77.3379180701835,21.1484597257948,2031,2042,83.7172361997477,10369.7115841468
"128","IUU_20",2025,0.4,105661.277570565,1709038.71135309,14349008.8890095,14.8927983341949,92.5820709569305,21.3158183402484,2031,2044,101.223266663004,12894.5388841468
"129","IUU_20",2025,0.45,92156.0434955646,2344932.27215309,12382670.6730935,12.9892558808042,127.029706563985,18.3947728150723,2032,2056,142.58863358502,18516.6626942516
"130","IUU_20",2025,0.5,102414.986012565,2209103.54205309,13258466.9017315,14.435238416135,119.671590539713,19.6957904293983,2032,2052,133.32064740638,17056.9754172516
"131","IUU_20",2025,0.55,53206.0648265646,3131754.38115309,7199860.54214951,7.4993149035979,169.65344577013,10.6955762992893,2035,2108,196.00955796179,27328.9964882841
"132","IUU_20",2025,0.6,55960.3918075645,3031494.33305309,7946179.00941491,7.8875331536287,164.222156925894,11.8042513997966,2034,2102,189.11769242856,26125.3535104397
"133","IUU_20",2025,0.65,-26514.5834404355,3865244.54855309,-163731.766901866,-3.73719070195679,209.388086228141,-0.243227711879199,2070,NA,248.47485652524,52921.0948732011
"134","IUU_20",2025,0.7,-31650.7403694354,3877215.11965309,-460060.035093009,-4.46112430483501,210.036556187079,-0.683430905193889,2072,NA,249.437696932382,55659.5135768357
"135","IUU_20",2025,0.75,-138254.893072435,4576561.02245309,-9009512.82314952,-19.4868194724258,247.921533026022,-13.3838608755403,2094,NA,301.079080234859,138369.46773126
"136","IUU_20",2025,0.8,-146348.090001435,4590983.90805309,-9317516.87905518,-20.6275434208186,248.702849803197,-13.8414087490226,2096,NA,302.609109291547,144281.653014532
"137","IUU_20",2025,0.85,-241909.680991435,5055607.00625309,-15841626.0558472,-34.0968061046664,273.872419316181,-23.5331391758511,2114,NA,337.712215326512,238240.762076453
"138","IUU_20",2025,0.9,-269693.990110435,5152944.19355309,-17411223.9488402,-38.0129627334546,279.145370900889,-25.8648168417492,2116,NA,345.343103788707,263700.822343629
"139","IUU_20",2025,0.95,-371249.058451435,5546127.10115309,-23455143.9285606,-52.3269970456731,300.444881326639,-34.8432139803415,NA,NA,375.557204358628,NA
"140","IUU_20",2025,1,-384085.685585435,5585826.70855309,-24119938.1715282,-54.1363003552061,302.595489060012,-35.8307827682871,NA,NA,378.810741842966,NA
"141","IUU_20",2030,0.05,7545.28262697428,191390.545841106,1249135.96644293,1.01984208294377,9.95859840187403,1.85562401916325,2035,2044,11.8966805408476,1144.64846128412
"142","IUU_20",2030,0.1,29235.7162129743,339786.366701106,3596691.35578822,3.95158341881079,17.6800580903169,5.34297870577117,2035,2041,20.2517590698076,1874.89797128411
"143","IUU_20",2030,0.15,47403.6626689743,489136.521891106,5477064.58928463,6.40721527152086,25.4511745279572,8.1363221293888,2034,2041,28.761790120445,3059.48644343967
"144","IUU_20",2030,0.2,63516.4662659743,649491.334351106,7096712.85194604,8.58506810948911,33.7948948098499,10.5423518167326,2034,2041,38.0153280586514,4083.11662343965
"145","IUU_20",2030,0.25,96491.9523059743,1093108.35588111,10261016.5632277,13.042129565198,56.8775593282973,15.2430074125379,2035,2042,64.1376788759513,6355.68539128412
"146","IUU_20",2030,0.3,94985.9937159743,1103788.04050111,10230236.1287608,12.8385798744598,57.4332539145782,15.1972822752819,2035,2042,64.9071504426164,6420.53087128411
"147","IUU_20",2030,0.35,110694.584551974,1589530.38142111,11573194.2401152,14.9617981540542,82.7078194828504,17.1922815348546,2035,2045,94.7779067958422,9653.94977128413
"148","IUU_20",2030,0.4,102850.006925974,1257867.30782111,10886735.8934226,13.90150249895,65.4504396044542,16.1725297780422,2035,2043,74.1752805099809,7429.54538128412
"149","IUU_20",2030,0.45,106519.104415974,2326968.04425111,11130088.6267917,14.3974282596827,121.078813714914,16.5340366029994,2036,2052,142.480375479783,14396.4169679579
"150","IUU_20",2030,0.5,96751.2188469743,2463025.99816111,10568403.0881355,13.0771727759408,128.158298840032,15.6996381029586,2036,2055,151.928515334431,15499.7853259578
"151","IUU_20",2030,0.55,70440.3863079743,3008917.54692111,8525690.24613526,9.52092503982137,156.562600009595,12.665134961829,2038,2088,189.523126261783,19541.3467606553
"152","IUU_20",2030,0.6,79417.2775379743,2873647.62060111,9160113.32401341,10.7342674556023,149.524118217551,13.6075869712564,2037,2077,180.039042890121,18656.635980394
"153","IUU_20",2030,0.65,-7764.59674702573,3830284.38111111,3699627.10343577,-1.04948520965882,199.300669470496,5.49589244046192,2081,NA,249.106633594484,41508.9586373265
"154","IUU_20",2030,0.7,-40329.3328800257,4034168.68316111,2190819.42076252,-5.45102852755451,209.909353800431,3.25451932217821,2093,NA,264.644699336783,62216.4329540622
"155","IUU_20",2030,0.75,-97294.3190010258,4438437.25035111,-895601.578753911,-13.1505797534839,230.944605512857,-1.33043947639163,2107,NA,295.266143017343,111390.075390445
"156","IUU_20",2030,0.8,-113770.331638026,4504743.21949111,-1494048.18426754,-15.3775249690622,234.394695042674,-2.21944749890505,2109,NA,300.374264168281,123580.338795182
"157","IUU_20",2030,0.85,-237143.944625026,5110064.71653111,-6855681.98897542,-32.05305704246,265.891306678063,-10.1842941907389,2121,NA,346.921745414859,235277.552730232
"158","IUU_20",2030,0.9,-285905.623811026,5288027.80217111,-8634838.55016974,-38.6438257289907,275.151235858256,-12.8272776108747,2129,NA,360.743548215774,284802.451553673
"159","IUU_20",2030,0.95,-341974.077717026,5499299.80730111,-10739393.4813646,-46.2221990843519,286.144323543972,-15.9536487865398,NA,NA,377.138794449378,NA
"160","IUU_20",2030,1,-356950.253168026,5555641.72908111,-11306253.6135513,-48.2464219957479,289.075955144326,-16.7957342800726,NA,NA,381.55799797053,NA
"161","IUU_20_legal",2015,0.05,20500.7665865044,283788.918058809,34163260.6370809,3.1619324808757,16.7769756405397,50.7504341668296,2020,2029,11.9787326302559,4369.73350902903
"162","IUU_20_legal",2015,0.1,38184.2680294584,432501.778643997,37737398.3714595,5.88934451945265,25.568552339654,56.0599110261574,2021,2031,19.9727561299532,5634.47806290811
"163","IUU_20_legal",2015,0.15,51126.6453424584,578413.351683997,40098724.8996474,7.88551003029081,34.1945230904133,59.5677245158661,2021,2033,28.0320190637941,7280.89915690812
"164","IUU_20_legal",2015,0.2,64693.3285314584,736496.792063997,42377322.498215,9.97796525883277,43.5400678233417,62.9526419758021,2022,2035,36.7949260144974,8718.89920954013
"165","IUU_20_legal",2015,0.25,81433.2310374584,1038010.696604,44582195.9535216,12.5598414651234,61.3649056159977,66.2280402560903,2023,2038,54.1395852197989,11989.44952964
"166","IUU_20_legal",2015,0.3,82425.3148264583,1043027.244704,44751850.2043454,12.7128553508702,61.6614728880708,66.4800661671712,2023,2038,54.3795633891513,12058.81747064
"167","IUU_20_legal",2015,0.35,91847.7447444584,1495692.617704,44413983.3816989,14.1661223338772,88.422052505077,65.9781559975878,2024,2045,81.6091421778978,17825.2691282262
"168","IUU_20_legal",2015,0.4,91777.4207354584,1834502.816004,42352897.2489338,14.1552759215099,108.451765020023,62.9163576170338,2025,2053,102.726954631853,22719.2681102761
"169","IUU_20_legal",2015,0.45,81388.6759824584,2260651.255904,37693647.0362189,12.5529695232866,133.644721969719,55.9949172516338,2027,2074,130.315937498218,29837.3948377798
"170","IUU_20_legal",2015,0.5,76249.7246734584,2395144.342504,35763869.9792379,11.7603641837252,141.595656957397,53.1281820026958,2028,2082,139.267320247126,32335.1321440113
"171","IUU_20_legal",2015,0.55,44921.0307794583,2943564.196904,26742373.4813717,6.92838805303451,174.017030564912,39.7265085217899,2031,2115,176.559575771262,44659.6295991468
"172","IUU_20_legal",2015,0.6,470.126616458409,3363296.494904,17783357.7854156,0.0725099040775673,198.830679340424,26.4176519373072,2035,NA,206.514178757673,56794.1276932841
"173","IUU_20_legal",2015,0.65,-48489.5178945416,3788142.735804,8054085.93824258,-7.47877309688921,223.946653154021,11.9645593119736,2042,NA,237.376080294854,73028.5774668064
"174","IUU_20_legal",2015,0.7,-77776.9521485417,3976383.566304,3108195.04594718,-11.9959158709646,235.075036353252,4.61730657775079,2066,NA,251.599045392426,92948.2625893795
"175","IUU_20_legal",2015,0.75,-148315.379557542,4428532.385504,-8700147.97011096,-22.875399027523,261.805078447585,-12.9243016786152,2080,NA,285.719188592113,147231.381602523
"176","IUU_20_legal",2015,0.8,-215331.341482542,4753299.853904,-18132770.4737577,-33.2115952791929,281.004615707378,-26.936713798092,2092,NA,310.924030579412,204763.903812646
"177","IUU_20_legal",2015,0.85,-281175.505044542,5022662.744204,-26366470.2175924,-43.3670593963168,296.928756367769,-39.1680942051886,2102,NA,331.715564055155,268172.289412735
"178","IUU_20_legal",2015,0.9,-320891.796608542,5199626.479304,-31836872.5577723,-49.4926953224782,307.390462530715,-47.2945226740811,2102,NA,345.626340102491,302831.332856735
"179","IUU_20_legal",2015,0.95,-391539.850660542,5453118.855004,-40111964.180021,-60.3890867269213,322.37637333115,-59.5873918197033,2110,NA,365.299057186754,379751.996937427
"180","IUU_20_legal",2015,1,-449035.908883542,5650966.434104,-46701945.6540733,-69.2569821419787,334.072686343671,-69.3769849300432,NA,NA,380.654547415901,NA
"181","IUU_20_legal",2020,0.05,18243.7547380311,274065.169861006,33491841.039316,2.68690230946845,15.4902406732367,49.7529762886813,2019,2027,11.1458226221726,3133.00335759685
"182","IUU_20_legal",2020,0.1,36655.0734210311,422863.396071006,35722688.0075316,5.39848308875771,23.9003583722955,53.0669558391936,2019,2029,19.2265647857091,3133.00335759685
"183","IUU_20_legal",2020,0.15,52440.6619230311,572408.309781006,37345881.0179502,7.72335178006526,32.3526790593829,55.4782500784237,2019,2030,27.4635716731691,3133.00335759685
"184","IUU_20_legal",2020,0.2,65208.4364950311,717427.550471006,38437355.1027064,9.6037631031119,40.5492074313661,57.0996624156803,2019,2031,35.5901715238166,3133.00335759685
"185","IUU_20_legal",2020,0.25,95161.9412840311,1343882.88126101,38714616.8041738,14.0152530814586,75.9566393567385,57.5115416803249,2019,2035,72.1076928283546,3133.00335759685
"186","IUU_20_legal",2020,0.3,91111.641658031,1189015.71036101,39197454.897979,13.4187333641411,67.2035031926615,58.2288098712304,2019,2034,62.8662825955014,3133.00335759685
"187","IUU_20_legal",2020,0.35,100373.126830031,1496522.11406101,38162691.0306904,14.7827456661636,84.5838518312362,56.6916419952346,2019,2037,81.2432937029506,3133.00335759685
"188","IUU_20_legal",2020,0.4,94341.4834550311,1343286.51046101,38636149.8597621,13.8944177563176,75.9229323109757,57.3949770513404,2019,2035,72.1770700963466,3133.00335759685
"189","IUU_20_legal",2020,0.45,83266.032865031,2573066.17716101,27554180.4867235,12.2632483947476,145.430425809317,40.9324314778843,2019,2053,150.112735257082,3133.00335759685
"190","IUU_20_legal",2020,0.5,68246.6087220311,2816420.79886101,23903472.2097825,10.0512187990752,159.184897641653,35.509212069721,2019,2066,166.822419940733,3133.00335759685
"191","IUU_20_legal",2020,0.55,74940.7617100311,2661558.94706101,26119617.8799133,11.037119748834,150.432062114608,38.801352470389,2019,2057,156.380274878648,3133.00335759685
"192","IUU_20_legal",2020,0.6,57260.3981520311,2949364.60066101,21861918.5620812,8.43319252231844,166.698918802902,32.4764325307606,2019,2076,175.949554539931,3133.00335759685
"193","IUU_20_legal",2020,0.65,-53427.3725689689,4022960.86196101,2448652.82802229,-7.86867247481352,227.378882192115,3.63753565976835,2019,NA,253.552539779881,3133.00335759685
"194","IUU_20_legal",2020,0.7,-71618.726905969,4158289.56536101,-324156.236610778,-10.5478573620425,235.027698664219,-0.481542281745332,2019,NA,263.791271044139,3133.00335759685
"195","IUU_20_legal",2020,0.75,-110386.673690969,4359765.95096101,-4716979.30873536,-16.2575200518626,246.415200784612,-7.00719197329927,2019,NA,278.996748237012,3133.00335759685
"196","IUU_20_legal",2020,0.8,-138469.707142969,4539181.63396101,-8552461.04629325,-20.393530896262,256.555825774035,-12.7048970269085,2019,NA,292.698640925521,3133.00335759685
"197","IUU_20_legal",2020,0.85,-280589.202092969,5180375.18106101,-23485776.7320814,-41.3245949609205,292.79626584069,-34.8887148813594,2019,NA,341.879602810273,3133.00335759685
"198","IUU_20_legal",2020,0.9,-314565.786127969,5301814.69076101,-26486880.0790166,-46.328595695549,299.660061168812,-39.3469297488153,2019,NA,351.346792247315,3133.00335759685
"199","IUU_20_legal",2020,0.95,-356228.984218969,5448252.92896101,-30174532.2436678,-52.4646649849035,307.936791680146,-44.8250302358389,2019,NA,362.548374568802,3133.00335759685
"200","IUU_20_legal",2020,1,-390594.129476469,5558477.99596101,-32967306.7286105,-57.5258922094239,314.166743544951,-48.9737673138,2019,NA,371.174601566824,3133.00335759685
"201","IUU_20_legal",2025,0.05,19795.2025105646,275479.665473087,33874644.6721363,2.79010405469975,14.9232886104893,50.3216478404151,2019,2026,11.2991959127796,3133.00335759685
"202","IUU_20_legal",2025,0.1,40124.6028365645,423837.003823087,36009357.423655,5.65550248893729,22.9601045906414,53.4928180286808,2019,2027,19.526127993608,3133.00335759685
"203","IUU_20_legal",2025,0.15,57590.1488995646,576887.479823088,37664323.8313382,8.11724496729357,31.2511572946527,55.951312798477,2019,2029,28.1396729560433,3133.00335759685
"204","IUU_20_legal",2025,0.2,72090.7247685646,735264.714373088,38806851.2533369,10.1610793512048,39.830771243515,57.6485663972764,2019,2030,37.1613412812204,3133.00335759685
"205","IUU_20_legal",2025,0.25,85440.3549805646,892409.407943087,39804975.3903559,12.0426896738759,48.3436159637403,59.1313052366125,2019,2031,46.1553777251602,3133.00335759685
"206","IUU_20_legal",2025,0.3,101023.998560565,1189776.35742309,40450809.3659045,14.2391808245145,64.4525828549621,60.0907080641694,2019,2033,63.7012790706349,3133.00335759685
"207","IUU_20_legal",2025,0.35,111009.302319565,1515228.00222309,40256725.0248871,15.6465943880042,82.0829542864366,59.8023908300095,2019,2035,83.3246821191247,3133.00335759685
"208","IUU_20_legal",2025,0.4,114697.839401565,1797145.76722309,39330975.2053613,16.1664881482679,97.3550077220108,58.4271658835226,2019,2036,100.799426634485,3133.00335759685
"209","IUU_20_legal",2025,0.45,101617.648563565,2433938.15622309,35383143.4595279,14.322854900572,131.851334663929,52.5625612280397,2019,2042,142.122382435057,3133.00335759685
"210","IUU_20_legal",2025,0.5,111816.371642565,2297999.80192309,36604422.2395332,15.7603495965869,124.487280075835,54.3768019758681,2019,2040,132.844182241393,3133.00335759685
"211","IUU_20_legal",2025,0.55,64498.7590405645,3221559.87862309,28143529.250712,9.09100318757226,174.51839053929,41.8079298439306,2019,2073,195.733098971183,3133.00335759685
"212","IUU_20_legal",2025,0.6,66670.9849415646,3121215.89772309,29147006.5931539,9.39717516489199,169.082554886141,43.2986210063307,2019,2063,188.820120237656,3133.00335759685
"213","IUU_20_legal",2025,0.65,-14218.9242774354,3955282.25472309,19249784.8571375,-2.00413601521724,214.265610210515,28.5960459204882,2019,NA,248.66163878278,3133.00335759685
"214","IUU_20_legal",2025,0.7,-19217.6276424354,3967308.88122309,18959962.1230769,-2.70869574475192,214.917116803431,28.1655068638959,2019,NA,249.855740525389,3133.00335759685
"215","IUU_20_legal",2025,0.75,-126240.094887435,4666359.10532309,9155338.71785322,-17.7933517185861,252.786076131359,13.600488957999,2019,NA,302.438158659037,3133.00335759685
"216","IUU_20_legal",2025,0.8,-134809.141818435,4680616.24912309,8840591.99093418,-19.0011460098714,253.558414341235,13.1329246749123,2019,NA,303.387414223137,3133.00335759685
"217","IUU_20_legal",2025,0.85,-232761.182759435,5144465.14682309,1595317.97649147,-32.8073390230392,278.686043853006,2.36988550532372,2019,NA,339.074268935468,3133.00335759685
"218","IUU_20_legal",2025,0.9,-262077.188284435,5241375.84982309,-103067.903755769,-36.9393859591213,283.935891923755,-0.153109997363716,2019,NA,346.467339127008,3133.00335759685
"219","IUU_20_legal",2025,0.95,-367324.210633435,5633196.43122309,-6695437.20619417,-51.7737956421897,305.161602393964,-9.9462425802168,2019,NA,376.629748645334,3133.00335759685
"220","IUU_20_legal",2025,1,-380700.555449335,5672810.58252309,-7412349.67026383,-53.6591713481461,307.307580798193,-11.0112343136649,2019,NA,379.498365867498,3133.00335759685
"221","IUU_20_legal",2030,0.05,20829.1639709743,275330.895921106,34106109.5326934,2.81532965964645,14.3262552915379,50.6655142028289,2019,2026,11.4088588564953,3133.00335759685
"222","IUU_20_legal",2030,0.1,42471.3128789742,424324.445701106,36054989.2668753,5.74054469967801,22.0788165280813,53.5606258178651,2019,2026,19.8207739559419,3133.00335759685
"223","IUU_20_legal",2030,0.15,60578.7765339743,574280.961561106,37565001.2656734,8.18800152319388,29.8814836485031,55.8037879791257,2019,2026,28.3747167193792,3133.00335759685
"224","IUU_20_legal",2030,0.2,76624.5930909743,735278.013941106,38811620.6787071,10.3568002003333,38.258621513343,57.6556735926413,2019,2026,37.6636747888638,3133.00335759685
"225","IUU_20_legal",2030,0.25,109386.831235974,1180632.85001111,41035597.5102044,14.7850384577377,61.4317095008532,60.9594491122437,2019,2026,63.8751887326505,3133.00335759685
"226","IUU_20_legal",2030,0.3,107884.663545974,1191347.20613111,40992967.7609885,14.5820011559376,61.9892081446071,60.8961215092437,2019,2026,64.6393636383204,3133.00335759685
"227","IUU_20_legal",2030,0.35,123278.208880974,1678869.74327111,41456076.0424988,16.662636980262,87.3564024221691,61.5840809257762,2019,2026,94.5834303544699,3133.00335759685
"228","IUU_20_legal",2030,0.4,115629.836795974,1346000.10050111,41349472.0097364,15.6288610299206,70.0362412932398,61.4257178579856,2019,2026,73.9462323153952,3133.00335759685
"229","IUU_20_legal",2030,0.45,118799.616093974,2418805.88125111,39869497.1807269,16.0572975089184,125.857399473999,59.2271766949387,2019,2026,142.383536888599,3133.00335759685
"230","IUU_20_legal",2030,0.5,108722.447232974,2555245.24770111,39137664.2915959,14.695238406634,132.956730586256,58.1400198732901,2019,2026,151.843240546808,3133.00335759685
"231","IUU_20_legal",2030,0.55,81886.4061359743,3102711.17217111,36378300.0425832,11.0680019725093,161.442951034332,54.0409123976891,2019,2026,189.433338205985,3133.00335759685
"232","IUU_20_legal",2030,0.6,90799.7352439743,2967077.41537111,37180351.8265236,12.2727531492206,154.385538100101,55.2323812168366,2019,2026,179.928653916958,3133.00335759685
"233","IUU_20_legal",2030,0.65,2889.61642797431,3926141.42008111,30609737.3307921,0.390568860373573,204.288385822418,45.4715622135527,2019,2026,248.872428229101,3133.00335759685
"234","IUU_20_legal",2030,0.7,-29765.2840410257,4130406.15958111,28891796.6688672,-4.02316132828355,214.916865402766,42.9195166065057,2019,2026,264.146509762467,3133.00335759685
"235","IUU_20_legal",2030,0.75,-86994.2795310257,4535525.08838111,25390192.3018912,-11.7583968192178,235.996363865903,37.7177920997088,2019,2026,294.362990919828,3133.00335759685
"236","IUU_20_legal",2030,0.8,-103848.157156026,4601910.04528111,24731159.7107674,-14.036415352455,239.45056335516,36.7387820172571,2019,2026,299.544040323099,3133.00335759685
"237","IUU_20_legal",2030,0.85,-227608.948399026,5208222.52068111,18798537.1080274,-30.7642795515783,270.998738433606,27.9257165912219,2019,2026,346.319619115421,3133.00335759685
"238","IUU_20_legal",2030,0.9,-276308.835280026,5386404.60828111,16863404.5818156,-37.346696212591,280.270062913182,25.0510268117512,2019,2026,359.949502574905,3133.00335759685
"239","IUU_20_legal",2030,0.95,-332422.290886026,5597997.54638111,14573650.4124071,-44.9311521270469,291.279849660746,21.6495373431285,2019,2026,376.576525325603,3133.00335759685
"240","IUU_20_legal",2030,1,-347467.081061026,5654383.45028111,13957904.1095281,-46.9646492017187,294.213769776805,20.7348301695076,2019,2026,380.926738052346,3133.00335759685
"241","IUU_40",2015,0.05,9480.79030056973,234047.516791963,4016850.45644256,1.25780280644512,11.9183945996685,5.39095181552526,2026,2054,12.1393346550254,2426.81288597645
"242","IUU_40",2015,0.1,31776.1725233678,408489.525417462,11793706.9779093,4.21569908318449,20.8014997146247,15.8281486288241,2023,2038,20.1231455125448,4011.85517450843
"243","IUU_40",2015,0.15,48356.7259463678,579910.457367462,17584097.0804683,6.41541724661749,29.5307626336543,23.5993401069443,2023,2038,28.187165056571,5752.13780450843
"244","IUU_40",2015,0.2,65767.7695163678,765648.725817462,23418861.8203957,8.72531534278867,38.9891068450733,31.4300860878968,2023,2038,36.9385429432819,7698.15094450842
"245","IUU_40",2015,0.25,87953.4675963678,1120226.65934746,31116664.5841871,11.668659982137,57.0452682009827,41.7611860964764,2024,2040,54.2659318296841,11417.1002010575
"246","IUU_40",2015,0.3,89173.4712663678,1126098.28814746,31458696.3409646,11.8305161134669,57.3442689762969,42.2202215373426,2024,2040,54.5021253951665,11460.9749510575
"247","IUU_40",2015,0.35,103531.349366368,1659006.99344746,37123068.4085886,13.7353551401977,84.4815628148359,49.8222861929465,2025,2045,81.7057629965322,17938.4412681436
"248","IUU_40",2015,0.4,106015.899646368,2058210.38664746,38500594.6403955,14.0649768506104,104.81018510017,51.6710424811927,2026,2052,102.806069444649,23466.02250122
"249","IUU_40",2015,0.45,97093.9422543678,2560772.48344746,36926427.8754649,12.8813136019921,130.402139514381,49.5583780264503,2028,2070,130.345846318441,31484.9555147291
"250","IUU_40",2015,0.5,91777.5773163678,2719472.70674746,35679084.6865315,12.1759991158463,138.483626172606,47.8843383523623,2028,2078,139.305282425113,34591.8386927291
"251","IUU_40",2015,0.55,58652.8894413678,3366944.33424746,28816671.8484475,7.78139444145646,171.454804224001,38.6744020230131,2031,2110,176.571686428219,48462.3441374017
"252","IUU_40",2015,0.6,8692.66237036779,3863113.02124746,20285813.1423565,1.15324300805086,196.721187224859,27.2252707376229,2035,NA,206.632891391958,62348.0734526308
"253","IUU_40",2015,0.65,-46254.8329076322,4365542.83374746,10638109.3413607,-6.13656212176463,222.306405329673,14.2772392175025,2042,NA,237.542689695957,80861.9557269286
"254","IUU_40",2015,0.7,-79633.9538086322,4588355.93284746,5391154.81781738,-10.5649220595881,233.652710017918,7.23538408214224,2066,NA,251.812924451798,103377.932363231
"255","IUU_40",2015,0.75,-160062.809633632,5123641.13704746,-7112940.45783916,-21.2353026258343,260.91102223787,-9.54616550720958,2078,NA,285.974092904253,164074.391492535
"256","IUU_40",2015,0.8,-238453.866072632,5508242.06694746,-17584567.8951412,-31.6353312799062,280.496043727425,-23.5999719799114,2090,NA,311.064959419306,229705.770080611
"257","IUU_40",2015,0.85,-315820.729728632,5827254.43224746,-26902675.6458066,-41.8994817512573,296.741100730951,-36.1056578251837,2098,NA,331.914091513962,298805.041060988
"258","IUU_40",2015,0.9,-361588.874572632,6037016.76844746,-33081218.7273417,-47.9714756679575,307.422821815828,-44.3977833110305,2100,NA,345.819457702322,341055.161664894
"259","IUU_40",2015,0.95,-445583.069504632,6337172.73094746,-42618823.0277742,-59.1148646430537,322.707654791425,-57.198052023228,2108,NA,365.435747272157,428907.279883448
"260","IUU_40",2015,1,-514244.746214632,6571474.12954746,-50260023.2791661,-68.2241104889275,334.638977806705,-67.4531866902316,NA,NA,380.840512755013,NA
"261","IUU_40",2020,0.05,6935.20006783097,222094.608103078,2346154.7828313,0.878533422888943,10.8118294187642,3.14873427076227,2028,2047,11.4928690533716,2125.81108272905
"262","IUU_40",2020,0.1,29839.8015188309,395553.624573078,7339484.88998808,3.78002980595543,19.2560204472552,9.85019734075623,2026,2038,19.5568936245548,3727.97153122004
"263","IUU_40",2020,0.15,49578.999173831,569971.804273078,11417040.8286729,6.28054092478639,27.7469046814755,15.3226155371351,2026,2037,27.771524771029,5386.99825122005
"264","IUU_40",2020,0.2,65681.383193831,739188.663893078,14626655.0353725,8.32034978558357,35.9845824739111,19.630183956114,2026,2037,35.8817757383709,7043.75951122005
"265","IUU_40",2020,0.25,105055.697773831,1470881.62027308,21715470.9294651,13.3081873423294,71.6042649995679,29.1439627179386,2027,2042,72.3673234300781,14251.2105555161
"266","IUU_40",2020,0.3,99301.1083938309,1289906.10267308,20810408.3520718,12.5792106645285,62.7941617648436,27.9292936877975,2027,2040,63.1336010754626,12237.6955255161
"267","IUU_40",2020,0.35,112226.765843831,1649261.74187308,22519028.1898142,14.2165999210132,80.2880212731219,30.222403195394,2027,2044,81.501148316867,16259.8871655161
"268","IUU_40",2020,0.4,104081.818713831,1470198.81037308,21590382.9373085,13.184818831588,71.5710250023105,28.9760842596858,2027,2042,72.4380066920309,14241.1739255161
"269","IUU_40",2020,0.45,99053.624126831,2908721.70027308,17746651.1014745,12.5478599899882,141.600028558165,23.8174773989291,2030,2078,150.257901656637,31822.9591410389
"270","IUU_40",2020,0.5,83046.912467831,3193758.13557308,14742552.6804653,10.5201706594083,155.475940913344,19.7857282065082,2031,2094,166.915101160171,36481.8252684017
"271","IUU_40",2020,0.55,89682.724962831,3012393.09657308,16450357.2595682,11.3607784296042,146.646875314032,22.0777435694063,2030,2085,156.480931831609,33577.3244650389
"272","IUU_40",2020,0.6,70792.350132831,3349464.04457308,13024051.5187297,8.96779401722436,163.055889575674,17.4793571427152,2032,2104,176.106396205615,39129.6079807831
"273","IUU_40",2020,0.65,-52436.0430091691,4607754.20377308,-5141557.61711513,-6.64246393716581,224.310949645687,-6.90039667995483,2046,NA,252.424972190467,76441.6490362483
"274","IUU_40",2020,0.7,-73264.366960169,4766465.84337308,-7911975.31228002,-9.28094279210023,232.037220845081,-10.6185269605857,2070,NA,262.372208240876,102874.311508921
"275","IUU_40",2020,0.75,-117767.666314169,5002903.38087308,-12439899.2457428,-14.9185070337832,243.547281109382,-16.6953763522075,2078,NA,277.621026523135,133328.991675535
"276","IUU_40",2020,0.8,-149913.691491169,5213275.65687308,-16350403.0589888,-18.9906833595999,253.788453472709,-21.9435967436409,2082,NA,290.905893690201,159269.771022315
"277","IUU_40",2020,0.85,-314976.298685169,5965722.55937308,-32111658.3040555,-39.9003926500013,290.418462755652,-43.0965082665895,2100,NA,340.000084413036,299876.048330894
"278","IUU_40",2020,0.9,-354855.297841169,6108218.17847308,-35353397.1692294,-44.9521623592007,297.355318808976,-47.4471906411416,2102,NA,349.33654340091,333594.502888823
"279","IUU_40",2020,0.95,-403852.822532169,6280119.70307308,-39345620.1064355,-51.1590435823595,305.723689282599,-52.8050848733944,2106,NA,360.803841372157,380593.777322604
"280","IUU_40",2020,1,-444258.181601169,6409529.75947308,-42385692.1608369,-56.277491220316,312.023524595216,-56.8851136649,2112,NA,369.391722275958,428122.165607429
"281","IUU_40",2025,0.05,8178.14892502897,223030.81960696,1853002.76353338,0.991417965299014,10.4055375595111,2.48688362637862,2031,2043,11.7617474199689,1604.07576240171
"282","IUU_40",2025,0.1,32636.405177029,395308.971116961,5565219.75455357,3.95643546136201,18.443201499318,7.46898717971003,2030,2038,19.9677874134987,2809.00832403894
"283","IUU_40",2025,0.15,53701.7150670289,573091.03982696,8642920.55844225,6.51013396465295,26.7376515516899,11.5995173044943,2030,2037,28.5676526415218,4068.58565403894
"284","IUU_40",2025,0.2,71296.202817029,757114.31918696,11055613.2716295,8.64307277580596,35.3232862571507,14.8375513333627,2030,2038,37.5760442389128,5446.63703403893
"285","IUU_40",2025,0.25,87508.034747029,939720.61748696,13254716.8447903,10.608395439058,43.8428114909836,17.7889309947595,2030,2038,46.6040693964924,6815.67582403895
"286","IUU_40",2025,0.3,106769.523987029,1285406.83878696,15724292.4168809,12.9434209620717,59.9708558835997,21.1033065451908,2030,2040,64.1995578209664,9526.43808403893
"287","IUU_40",2025,0.35,119556.935567029,1663847.17468696,17180868.4283363,14.4936091142201,77.6270485845951,23.0581525415114,2030,2042,83.9417191154722,12564.2064340389
"288","IUU_40",2025,0.4,124520.797687029,1991730.45928696,17414598.9597216,15.0953665691343,92.9244941979578,23.37183832921,2031,2044,101.509150907193,14741.9515624017
"289","IUU_40",2025,0.45,109810.596721029,2732521.47828696,15343841.4739419,13.3120831336594,127.486214347384,20.592709778011,2032,2055,142.962216681412,21182.0890607831
"290","IUU_40",2025,0.5,121994.711742029,2574331.35268696,16320293.57086,14.7891350477081,120.10582944643,21.9031896000368,2032,2051,133.679671145948,19488.5762697831
"291","IUU_40",2025,0.55,66227.8691370289,3648985.58858696,9575437.67107694,8.02865047675687,170.243989880273,12.8510327281987,2034,2106,196.449398821919,31538.900315645
"292","IUU_40",2025,0.6,69409.1128980289,3532256.80638696,10409394.9979701,8.4143052557984,164.797990400925,13.9702727326737,2034,2100,189.568811382455,29880.875011645
"293","IUU_40",2025,0.65,-25045.9004969711,4503222.77998696,1243758.64801203,-3.03625624055271,210.098558838538,1.66922741713018,2068,NA,248.97433167133,59364.6504989819
"294","IUU_40",2025,0.7,-30657.581812971,4517103.15288696,902030.706730083,-3.71654730925508,210.746149793929,1.21060013465941,2070,NA,249.951895947025,62515.0236419212
"295","IUU_40",2025,0.75,-153906.424947971,5331367.38488696,-8819983.45300684,-18.6577177876254,248.735774117482,-11.8371504165422,2092,NA,301.682104327502,156778.915434437
"296","IUU_40",2025,0.8,-163475.621273971,5348148.92538696,-9174455.37985089,-19.817769192661,249.518719498245,-12.312881186203,2094,NA,303.226119712204,163495.380897825
"297","IUU_40",2025,0.85,-274494.987752971,5888848.09088696,-16615006.681382,-33.2763886715189,274.745123117806,-22.2987190743905,2112,NA,338.355699761131,270828.839372429
"298","IUU_40",2025,0.9,-307479.777541971,6001965.36888696,-18409709.037624,-37.2750579887703,280.022627307285,-24.7073587115223,2114,NA,345.961307425302,300110.825154943
"299","IUU_40",2025,0.95,-427394.792171971,6459189.49468696,-25315541.9633806,-51.8120761946175,301.35448997322,-33.9755601236036,NA,NA,376.150320865249,NA
"300","IUU_40",2025,1,-442570.075570971,6505242.14378696,-26076280.5077684,-53.6517404912932,303.50308347599,-34.9965344401154,NA,NA,379.367413271752,NA
"301","IUU_40",2030,0.05,8858.94403231272,222967.614043701,1483073.52869983,1.02982469867335,9.99119115966582,1.99040859997021,2035,2044,11.9241910463605,1315.13120063083
"302","IUU_40",2030,0.1,34222.8128823127,395901.407003701,4239176.65003355,3.97829558869912,17.7403640197691,5.68932928660439,2035,2041,20.3040815695389,2145.01880063082
"303","IUU_40",2030,0.15,55479.0550723127,569954.999333701,6451035.97627437,6.44926765132878,25.5397151517893,8.65782932364139,2034,2041,28.8365804159776,3519.75403964502
"304","IUU_40",2030,0.2,74340.5659723127,756828.022543701,8361186.34976554,8.64185964742538,33.9135056930014,11.2214107355261,2034,2041,38.116596975151,4697.65371964502
"305","IUU_40",2030,0.25,113023.677362313,1273787.4659037,12113425.7295877,13.1386510692529,57.0784870404354,16.2572295174123,2035,2042,64.3084142838165,7280.16095063082
"306","IUU_40",2030,0.3,111251.648982313,1286216.1678037,12079120.1789877,12.9326582798395,57.6354178623487,16.2111886019623,2035,2042,65.0793133591268,7355.22677063083
"307","IUU_40",2030,0.35,129938.198042313,1852145.1394337,13721092.0776335,15.1049115060443,82.9947264892966,18.4148520918226,2035,2044,95.035442778429,11079.6588206308
"308","IUU_40",2030,0.4,120543.625602313,1465741.5859737,12868544.7807593,14.0128216704048,65.6799618139374,17.2706623812374,2035,2043,74.3733153027979,8515.95621063083
"309","IUU_40",2030,0.45,125815.054271313,2711076.9941637,13330821.9058605,14.6256088627417,121.483510569175,17.8910769106353,2036,2051,142.833519121239,16508.1850438745
"310","IUU_40",2030,0.5,114457.451498313,2869483.4721937,12701445.3676111,13.3053228545342,128.581713641021,17.0464010060972,2036,2055,152.318609988258,17785.1083058745
"311","IUU_40",2030,0.55,84266.1277583127,3505105.5151937,10423871.2465249,9.79567534353411,157.06397266392,13.9897062233013,2037,2087,189.996591800327,22916.9043756281
"312","IUU_40",2030,0.6,94804.1796993127,3347643.2602037,11137028.5319508,11.0206911157481,150.008080278899,14.9468228912035,2037,2076,180.507381047229,21389.0877566281
"313","IUU_40",2030,0.65,-5941.8929316873,4461307.1236437,4966147.84969777,-0.690726578202201,199.911419806317,6.66498538169419,2081,NA,249.771124103697,47508.3633922458
"314","IUU_40",2030,0.7,-43666.7202666873,4698606.2919337,3251325.86691818,-5.07612045822521,210.544808707139,4.36355099163079,2093,NA,265.320014179947,71305.1958294722
"315","IUU_40",2030,0.75,-109509.603152687,5169131.2573237,-257089.680640459,-12.7301508686824,231.629058519693,-0.345035833630561,2107,NA,295.988490492046,128078.698768826
"316","IUU_40",2030,0.8,-128860.494780687,5246228.1498237,-939476.761684179,-14.9796318527792,235.08377455138,-1.26085631611784,2107,NA,301.10473409504,141551.889876826
"317","IUU_40",2030,0.85,-272489.319908687,5950508.1000237,-7048699.71583727,-31.6760361893168,266.642598206321,-9.45994400244578,2119,NA,347.626289290249,269951.914664889
"318","IUU_40",2030,0.9,-329669.842451687,6157350.8306237,-9079022.21302668,-38.3230941437462,275.911232443968,-12.1848064458214,2127,NA,361.448965859893,327216.554608828
"319","IUU_40",2030,0.95,-395029.860238687,6403041.5853237,-11480430.0098118,-45.9209929878154,286.920648797543,-15.4076963688497,NA,NA,377.842371184764,NA
"320","IUU_40",2030,1,-412647.292239687,6468554.7915237,-12127580.6194286,-47.9689646801133,289.856299203249,-16.2762265623502,NA,NA,382.24482448517,NA
"321","IUU_40_legal",2015,0.05,37360.9486707986,455563.812828985,69571401.8322879,4.95662329824534,23.1986622248659,93.370684092773,2020,2029,12.1477587045144,10229.0071402643
"322","IUU_40_legal",2015,0.1,56448.4251543678,627490.546487462,70756697.3502633,7.48893133669503,31.9536820689569,94.961450563632,2021,2031,20.0755141023727,11537.3782372971
"323","IUU_40_legal",2015,0.15,70215.8357623678,795820.117487462,71019840.0745822,9.31543389093717,40.5255237080809,95.3146102749014,2021,2033,28.1631983710479,13482.5680872971
"324","IUU_40_legal",2015,0.2,84614.9453333678,978197.711997462,71070534.9342501,11.2257430375941,49.812732422372,95.3826470486692,2022,2035,36.9726369614659,14968.8333842698
"325","IUU_40_legal",2015,0.25,101775.368769368,1325625.92304746,69495231.8002602,13.5023917212265,67.5048086772611,93.2684574908864,2023,2039,54.4130631011044,18684.9825105084
"326","IUU_40_legal",2015,0.3,102857.632468368,1331442.42714746,69570751.3183574,13.6459740888098,67.801002339149,93.3698110482589,2023,2039,54.6568859592905,18784.2058025084
"327","IUU_40_legal",2015,0.35,110798.932255368,1852214.51254746,64408376.2650672,14.699534904126,94.3202634505859,86.4414686895534,2024,2046,82.0381802217501,25563.7524230576
"328","IUU_40_legal",2015,0.4,108822.266607368,2241523.41774746,59117340.6495816,14.4372935170015,114.145029023565,79.3404530140601,2025,2055,103.279117919789,31293.1044361436
"329","IUU_40_legal",2015,0.45,94900.9295783679,2730508.90834746,50870277.6604017,12.5903697659834,139.045622331989,68.2721994964409,2027,2078,130.994918093461,39468.1066235161
"330","IUU_40_legal",2015,0.5,88070.3866463678,2884642.97544746,47925115.9354071,11.6841714642556,146.894586756519,64.3195442705263,2028,2086,140.001806603559,42253.0195257291
"331","IUU_40_legal",2015,0.55,49503.2545813678,3512746.38894746,34984181.0628829,6.56752555078344,178.879477833769,46.95171912938,2031,NA,177.407393693658,56449.5609784017
"332","IUU_40_legal",2015,0.6,-2960.09554863221,3992583.01314746,23500839.7796974,-0.392711616898809,203.314183695963,31.5401074176233,2034,NA,207.401273601208,70357.474126645
"333","IUU_40_legal",2015,0.65,-61380.6365036322,4477810.98584746,11336937.1904593,-8.14328071901523,228.023433034319,15.2151250817361,2042,NA,238.260403736276,88671.1116379286
"334","IUU_40_legal",2015,0.7,-95650.3756396322,4692512.94324746,5429034.22712515,-12.6897976964884,238.956694299761,7.28622144155931,2070,NA,252.35698989452,114093.259411921
"335","IUU_40_legal",2015,0.75,-178686.899061632,5208166.19344746,-8696343.89712407,-23.7061337704295,265.215289121547,-11.6712263573169,2082,NA,286.434061339503,177311.758908315
"336","IUU_40_legal",2015,0.8,-257157.899808632,5578021.57334746,-19593397.8101479,-34.1167685208049,284.049423415638,-26.2959910114433,2096,NA,311.593343827276,247347.366404758
"337","IUU_40_legal",2015,0.85,-333316.768538632,5884628.43444746,-28960465.5083834,-44.2206560436122,299.662755305007,-38.867385232246,2106,NA,332.461165059021,322795.203145604
"338","IUU_40_legal",2015,0.9,-379233.102828632,6086050.68294746,-35192366.9073798,-50.3123100408706,309.919774356867,-47.2311220766709,2106,NA,346.317522740014,364731.851008604
"339","IUU_40_legal",2015,0.95,-460900.750835032,6374330.90214746,-44467191.4285975,-61.1470393832176,324.599859216551,-59.6787181805145,2114,NA,365.984986760484,456302.964999343
"340","IUU_40_legal",2015,1,-527065.475332832,6599305.28544746,-51816355.7908096,-69.9250181721799,336.056222914568,-69.5419160741569,NA,NA,381.288358373468,NA
"341","IUU_40_legal",2020,0.05,39001.558757431,461337.718562078,69438045.3546479,4.94061780165578,22.4584683083348,93.1916149364502,2021,2028,12.2101920137675,8240.74975229712
"342","IUU_40_legal",2020,0.1,59742.912366831,636679.819842078,69982451.3610427,7.56807947595397,30.9943301428877,93.9222529412776,2021,2030,20.4003939352943,9322.95974529713
"343","IUU_40_legal",2020,0.15,77175.3506098309,812757.889967078,69997986.9276153,9.77637620699734,39.5660198153049,93.9431029598871,2022,2031,28.7957585670256,9928.86828526985
"344","IUU_40_legal",2020,0.2,91137.2585118309,983402.267093078,69618161.4945892,11.5450350227827,47.8731908561312,93.4333457321764,2023,2032,37.0884266085758,10577.1600175084
"345","IUU_40_legal",2020,0.25,122399.334696831,1719374.79575408,64309774.1811179,15.5052349490716,83.7012080454823,86.3090497655497,2025,2039,74.3744665659947,16864.5963841436
"346","IUU_40_legal",2020,0.3,118530.357533831,1537605.32095708,66070934.5713492,15.0151228085645,74.8524540310156,88.6726730514517,2024,2037,64.9366718964236,15527.3104960575
"347","IUU_40_legal",2020,0.35,127635.302696831,1898508.81085108,62487755.3759963,16.1685139957012,92.4216647502583,83.8637494402505,2025,2042,83.6975962144151,19131.5924781436
"348","IUU_40_legal",2020,0.4,121456.502601831,1718611.65503908,64250254.9049508,15.3857993885213,83.6640574487003,86.2291699613656,2025,2039,74.4458872879599,16834.9488201436
"349","IUU_40_legal",2020,0.45,102444.171215831,3158579.94615708,44318004.127075,12.9773658312662,153.763424853295,59.4784365583518,2029,2080,153.843518996677,35895.7191655507
"350","IUU_40_legal",2020,0.5,83997.483873831,3442714.14093508,39204433.6529447,10.6405866160996,167.595415067807,52.6156009450844,2031,2096,170.793909465121,40677.4818404017
"351","IUU_40_legal",2020,0.55,92489.163153831,3261818.51030208,42405580.4954741,11.7162908482728,158.789200825559,56.9118054592006,2030,2086,160.16091680169,37354.0492630389
"352","IUU_40_legal",2020,0.6,70625.171496831,3597870.51606408,36376755.1234926,8.94661625481195,175.148611768332,48.820621876551,2031,2106,180.09926721709,43968.2866224017
"353","IUU_40_legal",2020,0.65,-61884.574869469,4848935.39565008,11028753.4656409,-7.83937980914017,236.051936641545,14.8015016976605,2046,NA,257.810580371416,83433.5610585483
"354","IUU_40_legal",2020,0.7,-83503.678196169,5006412.43158008,7556351.85597867,-10.5780325746884,243.718105867308,10.1412507925608,2070,NA,267.886455364748,110005.376958921
"355","IUU_40_legal",2020,0.75,-129365.418045869,5240599.20225008,2172532.44370401,-16.3876805871069,255.118596127927,2.91571869421951,2078,NA,283.557413332538,141142.931043235
"356","IUU_40_legal",2020,0.8,-162387.801343869,5449227.99916008,-2563685.25370288,-20.5708717203104,265.274893857524,-3.4406782011375,2082,NA,296.965947983213,167848.887762015
"357","IUU_40_legal",2020,0.85,-330250.122966569,6193474.80165008,-20550171.4105696,-41.8352416803537,301.505712528493,-27.5800341324508,2106,NA,347.00448072263,321201.987155004
"358","IUU_40_legal",2020,0.9,-369843.928050869,6334349.66055008,-24102424.809861,-46.8508837333142,308.363668049468,-32.3474527608511,2110,NA,356.407214340845,360167.548326158
"359","IUU_40_legal",2020,0.95,-418589.295421869,6504214.29645008,-28458538.1309026,-53.0258223115198,316.632880360912,-38.1937180634051,2116,NA,367.845071751598,413202.686062168
"360","IUU_40_legal",2020,1,-458888.236643069,6631948.93366008,-31743446.2955997,-58.1307892084495,322.8511542766,-42.6023372176821,NA,NA,376.704011477631,NA
"361","IUU_40_legal",2025,0.05,41426.9341293289,464659.87360746,70545346.4316418,5.02209083248384,21.678778635799,94.677714685932,2020,2028,12.2576953057413,8419.54173123154
"362","IUU_40_legal",2025,0.1,64789.6010200289,640045.37908346,71842527.4866971,7.85429257948912,29.8614166579363,96.41863941079,2020,2028,20.5969775802235,8419.54173123154
"363","IUU_40_legal",2025,0.15,84655.7523270289,820865.02550196,72664218.5075288,10.2626198779601,38.2975853704979,97.5214170136426,2020,2029,29.3723171504932,8419.54173123154
"364","IUU_40_legal",2025,0.2,101030.289302429,1007901.87658196,72969315.4450516,12.2476668952846,47.0238187330232,97.930882446353,2020,2030,38.5642217673961,8419.54173123154
"365","IUU_40_legal",2025,0.25,116047.006595129,1193448.69319796,73152958.0326104,14.0681085918445,55.6805343060007,98.1773460529344,2020,2031,47.7529534475073,8419.54173123154
"366","IUU_40_legal",2025,0.3,133289.919858929,1544216.05288696,72327439.2214292,16.1584268460775,72.0456400000324,97.0694312374814,2020,2032,65.6583320695187,8419.54173123154
"367","IUU_40_legal",2025,0.35,144107.802889629,1927846.66581796,70592090.1624663,17.4698536348849,89.9439858827519,94.7404486554171,2020,2034,85.668724685757,8419.54173123154
"368","IUU_40_legal",2025,0.4,147625.047502029,2259826.30930496,68373797.3908492,17.8962410153363,105.432547756778,91.7633154957615,2020,2036,103.468630869699,8419.54173123154
"369","IUU_40_legal",2025,0.45,131393.003705929,3008695.76894896,61685924.3876764,15.9284681145858,140.371168810266,82.7876344043985,2020,2042,145.533487812142,8419.54173123154
"370","IUU_40_legal",2025,0.5,143403.984197429,2849068.09373896,63451237.5869562,17.3845313324718,132.923714808786,85.1568313517078,2020,2040,136.090820372931,8419.54173123154
"371","IUU_40_legal",2025,0.55,87339.1764011289,3933654.14221096,51210291.0391441,10.5879251346835,183.525245502103,68.7284643032518,2020,2073,199.897577855048,8419.54173123154
"372","IUU_40_legal",2025,0.6,89757.9807303289,3815848.92073996,52630463.320177,10.8811511554487,178.029024581231,70.6344534695081,2020,2063,192.90080616183,8419.54173123154
"373","IUU_40_legal",2025,0.65,-4913.07165757113,4793938.17670296,39474285.0559376,-0.595600245333043,223.661930864823,52.977769434851,2020,NA,253.445974313412,8419.54173123154
"374","IUU_40_legal",2025,0.7,-10323.5412773711,4807904.99499696,39155850.4648373,-1.25149888828362,224.31355494351,52.5504037631615,2020,NA,254.409956058636,8419.54173123154
"375","IUU_40_legal",2025,0.75,-135228.107378871,5626292.16836996,26714131.3824034,-16.3933888093536,262.495535737742,35.8525832962845,2020,NA,307.318309843094,8419.54173123154
"376","IUU_40_legal",2025,0.8,-145960.158652771,5642822.91370496,26354286.8791528,-17.6944104139971,263.266780231096,35.3696420828189,2020,NA,308.78159264018,8419.54173123154
"377","IUU_40_legal",2025,0.85,-260390.800176731,6184858.31478696,17396638.0104235,-31.5665708292151,288.555526129456,23.3477332433448,2020,NA,344.762393410805,8419.54173123154
"378","IUU_40_legal",2025,0.9,-295297.909481241,6297811.45259896,15345822.8373837,-35.7982784684869,293.825372332948,20.5953689323298,2020,NA,352.431659189471,8419.54173123154
"379","IUU_40_legal",2025,0.95,-419095.243990861,6755466.37343496,7320035.13297433,-50.8059412799751,315.177333808255,9.82409517943609,2020,NA,383.507818119162,8419.54173123154
"380","IUU_40_legal",2025,1,-434768.707160861,6801577.88054496,6458041.8076712,-52.7059987511265,317.328673340632,8.66722853631445,2020,NA,386.655327936214,8419.54173123154
"381","IUU_40_legal",2030,0.05,43389.0851205128,465502.501218801,71328604.3341513,5.04384623573238,20.8591929143039,95.7289471783848,2020,2027,12.2733833693916,8419.54173123154
"382","IUU_40_legal",2030,0.1,68773.1410047127,641760.224517901,73034041.8876259,7.99466380571642,28.7573112773754,98.0177868801654,2020,2027,20.8224610762892,8419.54173123154
"383","IUU_40_legal",2030,0.15,89904.4473286127,819131.876547201,74277542.0594445,10.4511124623746,36.7053448486685,99.6866680166402,2020,2027,29.5513144777599,8419.54173123154
"384","IUU_40_legal",2030,0.2,108587.832983513,1009520.9464896,75219544.8945984,12.6229979525725,45.2366896390948,100.950914534431,2020,2027,39.0384628432881,8419.54173123154
"385","IUU_40_legal",2030,0.25,146520.952742913,1535987.7287277,76554784.0405262,17.0326051792891,68.8276953692995,102.742917039797,2020,2027,65.8059743973051,8419.54173123154
"386","IUU_40_legal",2030,0.3,144767.159414813,1548593.0258381,76491795.3974406,16.8287321579608,69.3925394323915,102.658381017495,2020,2027,66.5970044628088,8419.54173123154
"387","IUU_40_legal",2030,0.35,162216.328219413,2124264.1298294,75913444.5243272,18.8571437768574,95.188393551123,101.882185819233,2020,2027,97.1585433814062,8419.54173123154
"388","IUU_40_legal",2030,0.4,153701.246215213,1731292.259828,76519253.9631537,17.8672919697832,77.5793022470119,102.695232707098,2020,2027,76.0974680136214,8419.54173123154
"389","IUU_40_legal",2030,0.45,156634.599792113,2996929.3929657,72692580.839429,18.208285202432,134.292572423872,97.5595176212692,2020,2027,145.830132785601,8419.54173123154
"390","IUU_40_legal",2030,0.5,144748.886429713,3157553.920149,71654778.1951803,16.8266079802591,141.490166401375,96.1666997547164,2020,2027,155.350879114876,8419.54173123154
"391","IUU_40_legal",2030,0.55,112850.769843633,3802158.6430653,67647666.1127258,13.1185511078271,170.374939809848,90.7888205089356,2020,2027,193.328655264452,8419.54173123154
"392","IUU_40_legal",2030,0.6,123718.042908203,3642574.0309532,68761591.1535915,14.3818378120101,163.223944484399,92.2838009924757,2020,2027,183.790546517525,8419.54173123154
"393","IUU_40_legal",2030,0.65,20739.3526382027,4770674.0433872,59970077.8497945,2.41088525939606,213.774168649422,80.4848555268583,2020,2027,253.071181845959,8419.54173123154
"394","IUU_40_legal",2030,0.7,-16987.4567099873,5010779.7445535,57773364.6013947,-1.97473902349761,224.53331844419,77.5366827918783,2020,2027,268.186096755204,8419.54173123154
"395","IUU_40_legal",2030,0.75,-83975.3590581972,5486623.461562,53311620.3430929,-9.76187438623176,245.855901811952,71.548649177404,2020,2027,298.781716403831,8419.54173123154
"396","IUU_40_legal",2030,0.8,-103086.123361577,5564508.7285685,52494640.1672231,-11.9834413154686,249.345944949028,70.4521935151672,2020,2027,303.909001324256,8419.54173123154
"397","IUU_40_legal",2030,0.85,-247982.816673527,6275886.7670194,45101123.5971841,-28.8272313862123,281.222834332426,60.5294764817581,2020,2027,350.585403293316,8419.54173123154
"398","IUU_40_legal",2030,0.9,-305767.586001007,6484459.2535929,42727681.776791,-35.5445311505552,290.568979031244,57.344119235863,2020,2027,364.464158522038,8419.54173123154
"399","IUU_40_legal",2030,0.95,-372261.750633377,6732173.5977798,39918819.6162224,-43.2742710389999,301.669072542033,53.5743915100718,2020,2027,380.948767562046,8419.54173123154
"400","IUU_40_legal",2030,1,-390217.439114847,6798244.7658842,39164481.6893098,-45.3615639954128,304.629725251641,52.5620069802725,2020,2027,385.335776548239,8419.54173123154
"401","IUU_60",2015,0.05,9727.10881280596,268187.187173949,4534697.77438882,1.09872626173137,11.5519218303128,5.23108237245346,2025,2061,11.7549365520005,2707.43600716531
"402","IUU_60",2015,0.1,34200.497545472,468683.01726133,13370908.8966733,3.86311961145315,20.1880993482598,15.4242530181619,2023,2038,19.5293026527738,4448.23143319789
"403","IUU_60",2015,0.15,52179.875285472,665398.84181133,19939951.6725318,5.89398149165741,28.6614565281209,23.002090743702,2023,2038,27.3476147693829,6376.67826319787
"404","IUU_60",2015,0.2,71001.056145472,878476.06458133,26555390.096764,8.01992930263009,37.8395662178379,30.6334490058778,2023,2038,35.8229960375031,8534.23993319788
"405","IUU_60",2015,0.25,94402.815255472,1284830.58118133,35257029.8646984,10.6632766527716,55.3429214699032,40.671382439626,2024,2040,52.5626973918283,12597.6434617926
"406","IUU_60",2015,0.3,95776.773795472,1291590.25808133,35645840.3028398,10.8184722365241,55.6340884714659,41.1199017302995,2024,2040,52.7945189553092,12645.1398117926
"407","IUU_60",2015,0.35,109504.919265472,1901520.40098133,41986272.6594649,12.36913587595,81.9062806927978,48.4340217851792,2025,2047,79.0388221051176,19784.0213792075
"408","IUU_60",2015,0.4,110184.451995472,2358228.48058133,43464919.7822549,12.4458925433756,101.578570373772,50.139741831792,2026,2054,99.3798894632305,25925.1539829027
"409","IUU_60",2015,0.45,97393.493805472,2932939.47858133,41552091.2914485,11.0010889592357,126.333729611155,47.9331640403685,2028,2075,125.945230132589,35027.160587811
"410","IUU_60",2015,0.5,90902.577125472,3114343.55528133,40093549.1058322,10.2679070080235,134.147547026598,46.2506364064987,2029,2083,134.533358440314,38303.3372437979
"411","IUU_60",2015,0.55,49937.305888472,3854534.64388133,32115534.6402944,5.64067190731359,166.030612303148,37.0474539863697,2032,NA,170.445318179251,54828.5435374188
"412","IUU_60",2015,0.6,-9074.83911652793,4421500.80048133,22271814.1951504,-1.02504909220195,190.452169464371,25.6920527971707,2037,NA,199.20740010253,72135.6310851375
"413","IUU_60",2015,0.65,-74411.0073855279,4995482.34608133,11149691.4243223,-8.40510058535908,215.175908195828,12.8619275572182,2046,NA,228.728645117546,97608.1335706505
"414","IUU_60",2015,0.7,-113727.037260528,5250048.60668133,5111136.08231483,-12.8460455117495,226.141120867151,5.89604317500773,2066,NA,242.226144270931,127759.578030339
"415","IUU_60",2015,0.75,-209316.175817528,5861042.61688133,-9278171.31307212,-23.6433233966833,252.459138215392,-10.7030017917691,2080,NA,274.772272180729,201876.92298213
"416","IUU_60",2015,0.8,-300693.829244528,6300174.99258133,-21312817.9143817,-33.9648926818398,271.374370261715,-24.5857853480122,2092,NA,298.946457283681,281150.956702888
"417","IUU_60",2015,0.85,-390297.511714528,6664814.03148133,-32017581.137846,-44.0860829524798,287.080868838476,-36.9344579576437,2104,NA,319.138343241206,372199.849609576
"418","IUU_60",2015,0.9,-445237.587260528,6904039.60258133,-39117714.4410841,-50.2918430591648,297.385295109842,-45.1249447359262,2108,NA,332.697666687895,429528.525235356
"419","IUU_60",2015,0.95,-540791.877929528,7247854.06338133,-50070194.1627829,-61.0851846984528,312.194793718427,-57.7593751781081,NA,NA,352.014384442302,NA
"420","IUU_60",2015,1,-618740.173156528,7516348.72988133,-58844404.8203016,-69.8898398813313,323.759959944105,-67.8810240698968,NA,NA,367.235000352031,NA
"421","IUU_60",2020,0.05,6676.33633892646,254203.069922863,2554987.67924592,0.719930264883788,10.4661715208184,2.94734938442601,2028,2051,11.0900383470086,2453.821317811
"422","IUU_60",2020,0.1,31679.5446189265,453589.009842862,8119652.76237684,3.41610455062377,18.6753857001576,9.36656319924309,2026,2038,18.902390177818,4281.95775290266
"423","IUU_60",2020,0.15,53063.1557389265,653811.245762863,12652172.0743392,5.72196633413436,26.9190322621617,14.5951277487027,2026,2038,26.8512827517642,6198.12009290265
"424","IUU_60",2020,0.2,70322.3215689264,847848.207862862,16207138.205933,7.58307625983099,34.9080157442785,18.6960192421211,2026,2038,34.6871417192358,8100.00447290266
"425","IUU_60",2020,0.25,110793.542208927,1685362.04296286,23906544.1208133,11.9472147807807,69.3905397038629,27.5777995606728,2027,2043,69.8586978460276,16428.6502526093
"426","IUU_60",2020,0.3,105312.700588926,1478407.58306286,22961107.0020407,11.3561984570125,60.8697107659236,26.4871745323554,2027,2041,60.9654223371221,14143.5642326093
"427","IUU_60",2020,0.35,117922.504828927,1889428.71626286,24735831.3117052,12.7159531556644,77.792471297721,28.534437869124,2027,2045,78.6567230129125,18708.6095026093
"428","IUU_60",2020,0.4,109722.545728926,1684598.67106286,23765121.244748,11.8317258748308,69.35910978745,27.4146588026563,2027,2043,69.9309084842279,16416.2647526093
"429","IUU_60",2020,0.45,96312.2743259264,3328323.19196286,18773378.5221284,10.3856542940696,137.035329330884,21.6563492968085,2031,2085,144.915701526444,36614.5502401567
"430","IUU_60",2020,0.5,76418.0152279264,3653673.22116286,15243423.2510495,8.24039400534168,150.430797807892,17.5843095058627,2032,2103,160.957803962166,42332.4741414188
"431","IUU_60",2020,0.55,85162.9747599264,3446547.69376286,17261981.85943,9.18339039028461,141.902925596254,19.9128520347228,2031,2094,150.916009391622,38786.4804161567
"432","IUU_60",2020,0.6,61839.3705139265,3831439.25736286,13228362.0495416,6.66833306985498,157.749866873461,15.259801470036,2033,2113,169.77464459024,45687.4119634035
"433","IUU_60",2020,0.65,-87144.6790720735,5267009.96446286,-7929468.95939595,-9.39708377509015,216.855877101152,-9.14717344672225,2068,NA,243.368148393067,112329.449925807
"434","IUU_60",2020,0.7,-112227.665688073,5447862.96596286,-11142923.4680217,-12.1018608087525,224.3020441924,-12.8541084134985,2072,NA,252.92798407198,130938.287524475
"435","IUU_60",2020,0.75,-165238.793496074,5717350.83816286,-16385202.9720248,-17.8182168080877,235.397528971878,-18.9014288740311,2080,NA,267.519613800566,167761.94546813
"436","IUU_60",2020,0.8,-204113.923858074,5957040.62686286,-20916372.2157703,-22.0102439136913,245.266152671364,-24.1284360293943,2084,NA,280.333455780187,199045.725213448
"437","IUU_60",2020,0.85,-398285.596912074,6815431.60356286,-39142696.9143041,-42.9483837733696,280.608240384118,-45.1537221068704,2108,NA,327.650042818825,382063.337657356
"438","IUU_60",2020,0.9,-443961.392355074,6978309.17296286,-42885870.3992532,-47.873747901646,287.314314306638,-49.4717233858122,2112,NA,336.694754378633,429932.41126281
"439","IUU_60",2020,0.95,-499951.495256074,7175058.36506286,-47496789.0076541,-53.9113361186095,295.414967031745,-54.7907267737737,2116,NA,347.943348493956,490785.798559291
"440","IUU_60",2020,1,-545231.988498074,7323367.82796286,-51005794.4287798,-58.7940735720409,301.521235840154,-58.8385995098781,NA,NA,356.29804009987,NA
"441","IUU_60",2025,0.05,7978.27949545532,255434.408804167,1992576.92957157,0.82313702229949,10.0775563789763,2.29857129993603,2031,2045,11.3200376535831,1927.48660715672
"442","IUU_60",2025,0.1,34653.8071954553,453666.355544167,6102688.57918066,3.57531115354587,17.8983258232298,7.03986110266175,2030,2039,19.2394871292782,3363.96655338901
"443","IUU_60",2025,0.15,57418.7000154553,657889.111394167,9498075.53075835,5.92401629724206,25.9554483760733,10.9566679688096,2030,2038,27.5482189139504,4885.75050338902
"444","IUU_60",2025,0.2,76211.3912854553,869020.221514167,12141940.082061,7.86290048170728,34.285123597008,14.0065432776887,2030,2039,36.2339245596499,6532.88736338902
"445","IUU_60",2025,0.25,93471.5060654554,1078414.00521417,14546119.913714,9.64366530608448,42.546256740827,16.779926166404,2030,2039,44.9399517004288,8164.81089338902
"446","IUU_60",2025,0.3,113139.640265455,1474331.42541417,17183123.1727393,11.6728709047097,58.1662358272909,19.8218865138705,2030,2041,61.8987708498042,11360.043213389
"447","IUU_60",2025,0.35,125350.140885455,1907285.05701417,18662140.6053984,12.9326556899956,75.2473904468183,21.5280324459858,2031,2043,80.8708889617349,14364.0530071567
"448","IUU_60",2025,0.4,128983.672265455,2282257.81311417,18777554.2328738,13.3075352868145,90.0410476830092,21.6611698158908,2031,2046,97.7469938723099,17777.2843571568
"449","IUU_60",2025,0.45,107700.337365455,3128741.39171417,16098044.064114,11.1116858027035,123.437041696326,18.5701748934904,2032,2063,137.570559266816,25643.2787004188
"450","IUU_60",2025,0.5,121959.943845455,2948126.52121417,17273548.725904,12.5828814437933,116.311312046721,19.9261984619819,2032,2056,128.682830229709,23692.9690804188
"451","IUU_60",2025,0.55,52314.3135744553,4175608.79051417,9140090.82407573,5.3973852788497,164.738702197389,10.5437085691574,2036,2118,189.087577600171,38397.6074189763
"452","IUU_60",2025,0.6,56084.5734104553,4042066.21631417,10140880.4995494,5.78637145769542,159.470097913438,11.6981866679332,2035,2114,182.475362216835,36462.4228008622
"453","IUU_60",2025,0.65,-58999.4882595447,5150104.70831417,-700099.429374024,-6.08710977232865,203.185118240894,-0.807611707020382,2074,NA,239.605465324788,83600.3193177153
"454","IUU_60",2025,0.7,-66112.3192725447,5165964.49741417,-1094009.27496178,-6.82095653007828,203.810828455748,-1.26201316695545,2076,NA,240.578146825332,87547.7075368423
"455","IUU_60",2025,0.75,-214978.602913545,6094273.69551417,-12503707.6476817,-22.1798255076373,240.435057449686,-14.4238664591642,2102,NA,290.371838244262,210522.735471139
"456","IUU_60",2025,0.8,-225447.042761545,6113450.51031417,-12912899.9666304,-23.2598779687616,241.191633015292,-14.895897278417,2102,NA,291.614093928007,217003.095280139
"457","IUU_60",2025,0.85,-357688.180218545,6730190.97221417,-21612637.1823995,-36.9034932587321,265.523659405512,-24.9316283884083,2120,NA,325.44500880805,352122.136996074
"458","IUU_60",2025,0.9,-394556.021265545,6859802.00111417,-23704558.2362326,-40.7072312595536,270.637153931139,-27.3447998071432,2122,NA,332.873631160595,389325.160119635
"459","IUU_60",2025,0.95,-531175.106367545,7382909.66081417,-31759613.5114104,-54.8025292450654,291.275121061646,-36.6368470049912,NA,NA,362.205589214162,NA
"460","IUU_60",2025,1,-547972.050547545,7435879.67921417,-32646031.3994098,-56.5355077179218,293.364927009563,-37.659389566268,NA,NA,365.387385290929,NA
"461","IUU_60",2030,0.05,8772.41060948058,255638.590320952,1632197.6559276,0.867693249510609,9.68505016858901,1.88285036755645,2036,2045,11.4650984652521,1517.82438797626
"462","IUU_60",2030,0.1,36523.8114194805,454835.284730952,4724735.87274598,3.61262895980176,17.2317588887232,5.45030232233191,2035,2041,19.5389803463938,2680.96078586223
"463","IUU_60",2030,0.15,59574.4566294805,654972.848630952,7199953.4623387,5.89260536947478,24.8141131199725,8.30563318953515,2035,2041,27.7684356339526,3847.41355586224
"464","IUU_60",2030,0.2,79841.1348094805,869630.005070952,9329094.12950706,7.89721512038921,32.9465524616147,10.7617409245258,2035,2041,36.7090741620863,5175.67615586225
"465","IUU_60",2030,0.25,120553.81181948,1462618.65685095,13475286.1675995,11.9241715162634,55.4123501124421,15.5446538116573,2035,2043,61.9300155453703,9054.39757586224
"466","IUU_60",2030,0.3,118508.69965948,1476804.56715095,13433429.5897179,11.7218861816251,55.9497934333824,15.4963694186717,2035,2043,62.6708476703308,9142.89312586223
"467","IUU_60",2030,0.35,136417.12143948,2124982.19575095,15159641.3846256,13.4932369972266,80.5064648000432,17.4876714529067,2035,2046,91.474800817864,13657.4349358622
"468","IUU_60",2030,0.4,127980.223679481,1682607.34355095,14286718.0302874,12.6587298635487,63.7467782773626,16.4806953354032,2035,2044,71.6166784975635,10558.8008658622
"469","IUU_60",2030,0.45,127195.74472948,3107799.98215095,14488471.3360782,12.5811357882597,117.741217017676,16.7134314164681,2036,2056,137.413722363372,20541.5287179763
"470","IUU_60",2030,0.5,113214.05930948,3288872.83585095,13728345.0212302,11.1981847847346,124.601291117022,15.836574311507,2037,2061,146.468934562499,21462.6597831375
"471","IUU_60",2030,0.55,75830.3650534805,4015734.25805095,10957123.0337816,7.50050342989202,152.138954076205,12.6397823551538,2038,2102,182.501014504456,28425.9499585693
"472","IUU_60",2030,0.6,88115.4635914806,3835697.75635095,11813922.0343247,8.71564229485523,145.318142910908,13.6281579402036,2038,2089,173.450339047358,26342.5252315693
"473","IUU_60",2030,0.65,-33544.6631315195,5108146.00035095,4462550.67381819,-3.31795660874227,193.525751412429,5.14785396604598,2091,NA,239.270111124631,68775.190911142
"474","IUU_60",2030,0.7,-78466.9926775194,5379048.11485095,2438155.32171957,-7.76129651091576,203.7890710717,2.81257703501018,2103,NA,253.944380983523,100197.31267137
"475","IUU_60",2030,0.75,-158742.83189652,5915875.33515095,-1702547.22062276,-15.7015089439553,224.127152868904,-1.96400334756637,2113,NA,283.187397545949,169348.28440662
"476","IUU_60",2030,0.8,-180873.36907752,6004230.83055095,-2504115.09476736,-17.8904759878878,227.474563776409,-2.88866609351112,2115,NA,288.096845780616,187013.937278528
"477","IUU_60",2030,0.85,-351726.807429519,6808479.97405095,-9686729.45491506,-34.7898645041403,257.944115705416,-11.1742974561751,NA,NA,333.375595995764,NA
"478","IUU_60",2030,0.9,-416667.18559752,7045574.17125095,-12067528.8519403,-41.2132218075641,266.926598325432,-13.920710553564,NA,NA,346.862719949311,NA
"479","IUU_60",2030,0.95,-492232.839479519,7326902.64175095,-14884217.265785,-48.687542229525,277.584927911838,-17.1699511072674,NA,NA,363.010852928992,NA
"480","IUU_60",2030,1,-512536.516661519,7401991.21565095,-15642869.3531471,-50.6958116112642,280.429712043984,-18.0451075911342,NA,NA,367.371989402321,NA
"481","IUU_60_legal",2015,0.05,54473.7188910915,740302.501116576,97434968.5876312,6.15308275785078,31.8878642704764,112.39786464226,2022,2032,12.2424944447415,20676.9853402137
"482","IUU_60_legal",2015,0.1,72636.743966472,934743.58283133,95618096.6694231,8.20468853577045,40.2632389490341,110.301979285132,2022,2034,19.9484456334266,23257.171991023
"483","IUU_60_legal",2015,0.15,85322.536171472,1124558.74281133,93321268.6722025,9.63761308866028,48.4393562102776,107.652431940064,2022,2036,27.8144604800969,25614.754553023
"484","IUU_60_legal",2015,0.2,98518.5144954721,1330140.73088133,90670851.602298,11.1281657505909,57.2946154078939,104.594995545442,2023,2039,36.366636710242,27314.1508051979
"485","IUU_60_legal",2015,0.25,112541.229844472,1720725.72838133,84647358.223242,12.712102551467,74.1187128107515,97.6464861621421,2024,2044,53.2712151773824,31717.7260117926
"486","IUU_60_legal",2015,0.3,113661.773513472,1727342.93098133,84601844.5203434,12.8386736405995,74.4037428600094,97.5939830096095,2024,2044,53.5032776513651,31849.4794027926
"487","IUU_60_legal",2015,0.35,115579.531046472,2310797.54468133,74018749.444302,13.0552940779453,99.5355254780437,85.3856628849589,2025,2055,80.0184557603437,39936.8147892075
"488","IUU_60_legal",2015,0.4,108292.451377472,2746060.71618133,65241012.9854594,12.2321814801796,118.28409503413,75.2599467414873,2026,2071,100.584391570202,46711.7540779027
"489","IUU_60_legal",2015,0.45,86354.4323924721,3291520.44388133,53311030.7044275,9.75417099905411,141.779282117349,61.4979005988645,2028,2096,127.432217142833,56232.750227811
"490","IUU_60_legal",2015,0.5,77119.573122472,3463144.88258133,49374577.1920504,8.71104681913497,149.171850423559,56.9569336804343,2029,2105,136.12013187509,59433.4693027979
"491","IUU_60_legal",2015,0.55,27063.837598472,4161963.30788133,32728537.5930106,3.05699768399079,179.272825446694,37.7545945941354,2032,NA,172.31370211853,76215.5315044188
"492","IUU_60_legal",2015,0.6,-36542.4579845279,4694395.08718133,19113633.0013855,-4.12765591795967,202.206845372331,22.0488759431312,2037,NA,201.219231217576,92737.0552251374
"493","IUU_60_legal",2015,0.65,-105934.073679528,5232480.26178133,4980841.56777489,-11.9657907610379,225.384380214806,5.74573958871655,2060,NA,230.777100177655,123219.698872112
"494","IUU_60_legal",2015,0.7,-145990.322770528,5470223.18618133,-1618657.43357697,-16.4903472011585,235.624942813337,-1.86723146482821,2072,NA,244.250537874481,153126.881699475
"495","IUU_60_legal",2015,0.75,-242734.373142528,6040926.43498133,-17416049.9111092,-27.4180782315793,260.207471859242,-20.0905983640887,2088,NA,276.51305169973,233676.292861243
"496","IUU_60_legal",2015,0.8,-332677.587115528,6449481.61718133,-29209429.6369787,-37.5776203070783,277.805618802341,-33.6950641664345,2100,NA,300.173046860779,317712.511846247
"497","IUU_60_legal",2015,0.85,-418919.132450528,6788074.53638133,-39196702.4576576,-47.3190401405969,292.390204203726,-45.2160627864976,2112,NA,320.05686608663,412380.61062781
"498","IUU_60_legal",2015,0.9,-472188.704112628,7010156.26928133,-45853578.5074346,-53.3361083633021,301.95617506697,-52.895222168688,NA,NA,333.090894125926,NA
"499","IUU_60_legal",2015,0.95,-563258.424720228,7328548.07338133,-55595433.8691169,-63.6228950751334,315.670615608045,-64.1331150543625,NA,NA,352.051538297989,NA
"500","IUU_60_legal",2015,1,-636973.447464528,7576997.67968133,-63275114.1627008,-71.9493806662743,326.372358897847,-72.9921487118501,NA,NA,366.921227601948,NA
"501","IUU_60_legal",2020,0.05,56295.9646099265,749286.682582863,97721810.5738869,6.07057024332446,30.8499930412207,112.72865250174,2022,2032,11.9873174134418,19622.040453023
"502","IUU_60_legal",2020,0.1,76232.8037879264,949256.940632863,95889521.2428761,8.2204220754853,39.0832650487095,110.614984057969,2022,2033,19.962748592467,21265.486436023
"503","IUU_60_legal",2020,0.15,92802.9806479265,1149713.93410286,93706330.3479946,10.0072361618932,47.3365771619001,108.096527161922,2023,2035,28.1245032374894,21862.9394501979
"504","IUU_60_legal",2020,0.2,105691.514589926,1343609.67794286,91356348.0512134,11.3970471575927,55.3197463376378,105.385665214488,2023,2037,36.1646570806472,23784.1923141979
"505","IUU_60_legal",2020,0.25,129867.327641926,2176754.63805286,78966483.3243489,14.0040008236068,89.6223928668976,91.0931265566799,2025,2046,72.2271556755045,31030.7836692075
"506","IUU_60_legal",2020,0.3,128086.397692926,1971405.26973286,82291933.6965697,13.8119575674203,81.1676495344075,94.929256251989,2024,2043,63.1045023851621,29369.5631107926
"507","IUU_60_legal",2020,0.35,133123.699484926,2379202.55373286,75594021.124231,14.3551456018922,97.9576761905098,87.2027655697138,2025,2049,81.243393214472,33609.9110672075
"508","IUU_60_legal",2020,0.4,128854.246813926,2175854.51219286,78938875.9609348,13.8947571438661,89.5853324504205,91.0612796142366,2025,2046,72.2993625629899,30994.3137392075
"509","IUU_60_legal",2020,0.45,88709.1679169264,3797411.75151286,48951072.3401526,9.56578750889033,156.348869974566,56.4683399848423,2030,2102,149.031140139391,53591.824543389
"510","IUU_60_legal",2020,0.5,64368.4463649265,4116070.09375286,42358055.0847013,6.94105124265069,169.468825085397,48.86285307498,2032,2118,165.369640005359,59597.7558064188
"511","IUU_60_legal",2020,0.55,76239.1243399265,3912974.55060286,46582424.0668359,8.22110364041022,161.106877330924,53.7359455834954,2030,2110,155.130088055162,55764.755809389
"512","IUU_60_legal",2020,0.6,47701.3552109265,4290065.14512286,38745395.2786429,5.14378658428105,176.632633342963,44.6954080645722,2032,NA,174.352879223664,63697.7376514188
"513","IUU_60_legal",2020,0.65,-116611.959411073,5690072.33430286,7847563.4149079,-12.5746329372212,234.274405241245,9.0526899162971,2070,NA,249.058308238416,135439.778992199
"514","IUU_60_legal",2020,0.7,-143327.821549074,5865808.63360286,3767704.86704056,-15.455488054341,241.509904999237,4.34629987094432,2074,NA,258.749655701957,155315.631163715
"515","IUU_60_legal",2020,0.75,-196903.978407074,6127101.82520286,-2428572.07932374,-21.2327729064157,252.267994432766,-2.8015205244127,2084,NA,273.433262336154,195722.843182448
"516","IUU_60_legal",2020,0.8,-237171.698967073,6359706.35930286,-7920411.47823261,-25.5749673761581,261.844900609191,-9.13672503566021,2088,NA,286.449277224518,229181.722304243
"517","IUU_60_legal",2020,0.85,-431796.313503074,7189841.01780286,-28280924.9175773,-46.5619493349398,296.02360554723,-32.6239407430023,2110,NA,333.886096241626,415985.17311353
"518","IUU_60_legal",2020,0.9,-476624.380216774,7347042.12550286,-32230903.9753267,-51.3959002183387,302.495965448115,-37.1805060990392,2114,NA,343.050319642647,464731.799385695
"519","IUU_60_legal",2020,0.95,-531488.758466674,7536726.50210286,-37066691.5418985,-57.3120980191952,310.305742178654,-42.7589108887472,2120,NA,354.243332383024,531488.758466674
"520","IUU_60_legal",2020,1,-575769.181677673,7679641.42380286,-40696292.4258761,-62.0869947878903,316.189904332362,-46.9458985670051,NA,NA,362.609557437189,NA
"521","IUU_60_legal",2025,0.05,59378.2946484553,755315.208844167,99435822.2185383,6.12619207862959,29.7991630675765,114.705898550285,2021,2032,11.7407459183153,19577.4524431229
"522","IUU_60_legal",2025,0.1,82634.1079094553,957032.818074167,99140025.6535531,8.52554658729487,37.7574510255867,114.36467734833,2021,2032,19.8736480314085,19577.4524431229
"523","IUU_60_legal",2025,0.15,102155.552639455,1164526.25705417,98451764.1962453,10.539617903697,45.94361059343,113.570721537068,2021,2033,28.4031001593415,19577.4524431229
"524","IUU_60_legal",2025,0.2,117826.608236455,1378720.00378417,97315867.7709389,12.1564359216359,54.394114849302,112.260388729255,2021,2034,37.3083662752883,19577.4524431229
"525","IUU_60_legal",2025,0.25,132066.004824455,1591041.36554417,96113667.5442951,13.6255464627575,62.7707486145589,110.873570033962,2021,2035,46.2001879773552,19577.4524431229
"526","IUU_60_legal",2025,0.3,146686.898263455,1991421.77264417,92941941.5090339,15.1340168911992,78.5668042222478,107.214771054753,2021,2037,63.4975024898894,19577.4524431229
"527","IUU_60_legal",2025,0.35,154039.272515455,2428464.02286417,88867959.8207146,15.8925778631569,95.8092655539291,102.515159588686,2021,2039,82.8160437245377,19577.4524431229
"528","IUU_60_legal",2025,0.4,153956.595516455,2806137.80800417,84785623.6108091,15.8840478913994,110.709485459415,97.8059106209203,2021,2042,99.9903942416838,19577.4524431229
"529","IUU_60_legal",2025,0.45,126932.043766455,3656106.93135417,74399088.9890495,13.0958641646767,144.242993341337,85.824345426094,2021,2052,140.535972997494,19577.4524431229
"530","IUU_60_legal",2025,0.5,142374.937678455,3475361.88695417,76842386.1644359,14.6891422289074,137.112127990467,88.6428527977344,2021,2049,131.47850414391,19577.4524431229
"531","IUU_60_legal",2025,0.55,67030.2817924552,4703888.98000417,59869952.0154282,6.91566478586853,185.580739174339,69.0640102215777,2021,2101,192.87333964836,19577.4524431229
"532","IUU_60_legal",2025,0.6,71152.1275334553,4570373.99173417,61806391.9657666,7.34092487252722,180.31322322757,71.2978237460846,2021,2095,186.154132952436,19577.4524431229
"533","IUU_60_legal",2025,0.65,-48087.0593375447,5675250.28509417,44884272.4127927,-4.96124996082084,223.903486537265,51.7770224353339,2021,NA,244.100909138204,19577.4524431229
"534","IUU_60_legal",2025,0.7,-54731.5410085447,5690769.67013417,44557213.5221519,-5.64677606460124,224.515766920475,51.3997380413118,2021,NA,245.116676515385,19577.4524431229
"535","IUU_60_legal",2025,0.75,-205841.710513545,6613438.21185417,29280927.9799104,-21.2371517886367,260.917457248029,33.7775167880656,2021,NA,295.307689426935,19577.4524431229
"536","IUU_60_legal",2025,0.8,-217842.494433545,6632059.13397417,28891667.7962128,-22.4752996307618,261.652101391593,33.3284790253693,2021,NA,296.448746996649,19577.4524431229
"537","IUU_60_legal",2025,0.85,-352114.369227545,7243296.61466417,18195863.8501458,-36.3284306547452,285.76702076144,20.9901508959463,2021,NA,330.774951181029,19577.4524431229
"538","IUU_60_legal",2025,0.9,-391138.664312545,7370851.42224417,15811773.8358077,-40.3546548641003,290.799391971,18.2399429606372,2021,NA,338.107490776396,19577.4524431229
"539","IUU_60_legal",2025,0.95,-532191.433365045,7887392.99847417,6395557.63354972,-54.9073859850281,311.178309912842,7.37770522452302,2021,NA,367.662185052632,19577.4524431229
"540","IUU_60_legal",2025,1,-549775.704534045,7939337.02237417,5397561.31022462,-56.7215947524199,313.227637690778,6.22644944503852,2021,NA,370.737874948106,19577.4524431229
"541","IUU_60_legal",2030,0.05,62428.1526124806,757792.286590952,100909118.906302,6.17486903117898,28.7095007987205,116.405492271432,2021,2031,11.5387396313093,19577.4524431229
"542","IUU_60_legal",2030,0.1,88973.4428294806,961694.873330953,101835154.425289,8.80050640190333,36.4344956033101,117.473736862375,2021,2031,19.8842877596318,19577.4524431229
"543","IUU_60_legal",2030,0.15,110850.432664481,1166415.54903095,102340762.377227,10.9643946698472,44.1904842911394,118.056989824838,2021,2032,28.3732712484896,19577.4524431229
"544","IUU_60_legal",2030,0.2,129862.33664348,1385805.36358095,102523825.603226,12.8448926854205,52.5022237578863,118.268165635015,2021,2032,37.5884518139021,19577.4524431229
"545","IUU_60_legal",2030,0.25,167285.303564481,1991238.06292095,101885648.892246,16.5464585627539,75.4394730184553,117.531985644514,2021,2034,63.4724752966384,19577.4524431229
"546","IUU_60_legal",2030,0.3,165000.47998948,2005594.92490095,101792061.37811,16.3204629863261,75.9833929656168,117.424026118442,2021,2034,64.2512440785764,19577.4524431229
"547","IUU_60_legal",2030,0.35,179130.652003481,2665757.38349095,99249969.082724,17.718101037801,100.99411815713,114.491550755947,2021,2037,93.6825529007785,19577.4524431229
"548","IUU_60_legal",2030,0.4,173325.62676048,2215386.09262095,101165533.501571,17.1439166498579,83.9314808569798,116.701283846181,2021,2035,73.4044534464954,19577.4524431229
"549","IUU_60_legal",2030,0.45,164782.05955048,3664251.89315095,93307606.0217206,16.2988586692334,138.822794207083,107.63663313434,2021,2042,140.558854065016,19577.4524431229
"550","IUU_60_legal",2030,0.5,149483.664877481,3847536.37722095,91826147.493799,14.785669834711,145.766657499058,105.927670544125,2021,2043,149.750466157493,19577.4524431229
"551","IUU_60_legal",2030,0.55,108914.863897481,4583707.52849095,85976182.679234,10.7729444484823,173.657026178397,99.1793405478807,2021,2056,186.317069150915,19577.4524431229
"552","IUU_60_legal",2030,0.6,121574.350666481,4401508.34676095,87533412.3707261,12.0251146558206,166.754280338985,100.975710299024,2021,2050,177.123345399058,19577.4524431229
"553","IUU_60_legal",2030,0.65,-6960.91726151947,5686993.29056095,75704337.6480706,-0.688515527498769,215.455793502698,87.3300727081855,2021,NA,244.057677901756,19577.4524431229
"554","IUU_60_legal",2030,0.7,-52419.9005855195,5960102.67421095,72897571.5165303,-5.18493671841082,225.802737126671,84.0922781780787,2021,NA,258.895136491226,19577.4524431229
"555","IUU_60_legal",2030,0.75,-136601.520321519,6500687.80238095,67215763.1768538,-13.5114761873746,246.283189941507,77.5379280465896,2021,NA,288.570189566668,19577.4524431229
"556","IUU_60_legal",2030,0.8,-159739.432315519,6589390.54852095,66209332.3490892,-15.8000842950784,249.643756690756,76.3769420305303,2021,NA,293.580920411618,19577.4524431229
"557","IUU_60_legal",2030,0.85,-332732.513651519,7397744.82635095,57050666.754661,-32.9111083418854,280.268834559273,65.8118019458293,2021,NA,339.537603725649,19577.4524431229
"558","IUU_60_legal",2030,0.9,-398625.536477519,7635544.89548095,54169206.3490867,-39.4286932613804,289.278059640379,62.4878425196949,2021,NA,353.041463524831,19577.4524431229
"559","IUU_60_legal",2030,0.95,-474203.82888432,7917730.41576095,50758847.836991,-46.9042637801665,299.968859168454,58.5537633628728,2021,NA,369.26086799924,19577.4524431229
"560","IUU_60_legal",2030,1,-494623.015852219,7993081.44606095,49845058.3135695,-48.9239584207017,302.823586648348,57.4996453559053,2021,NA,373.601668326647,19577.4524431229
